id,EC,type
K25996,,enzyme
K00876,2.7.1.48,enzyme
K00626,2.3.1.9,enzyme
K25619,,enzyme
K16619,3.1.4.3,enzyme
K00525,1.17.4.1,enzyme
K02851,2.7.8.33;2.7.8.35,enzyme
K01007,2.7.9.2,enzyme
K01770,4.6.1.12,enzyme
K00812,2.6.1.1,enzyme
K03336,3.7.1.22,enzyme
K00147,1.2.1.41,enzyme
K05989,3.2.1.40,enzyme
K01744,4.3.1.1,enzyme
K12524,1.1.1.3;2.7.2.4,enzyme
K03856,2.5.1.54,enzyme
K06016,3.5.1.6;3.5.1.87,enzyme
K01711,4.2.1.47,enzyme
K10026,4.3.99.3,enzyme
K01903,6.2.1.5,enzyme
K12661,4.2.1.90,enzyme
K01810,5.3.1.9,enzyme
K00929,2.7.2.7,enzyme
K01893,6.1.1.22,enzyme
K01870,6.1.1.5,enzyme
K00850,2.7.1.11,enzyme
K05349,3.2.1.21,enzyme
K00245,1.3.5.1,enzyme
K00244,1.3.5.1,enzyme
K00018,1.1.1.29,enzyme
K01886,6.1.1.18,enzyme
K11717,2.8.1.7;4.4.1.16,enzyme
K00853,2.7.1.16,enzyme
K00336,7.1.1.2,enzyme
K01857,5.5.1.2,enzyme
K13929,2.3.1.187,enzyme
K01939,6.3.4.4,enzyme
K01918,6.3.2.1,enzyme
K00928,2.7.2.4,enzyme
K01493,3.5.4.12,enzyme
K02564,3.5.99.6,enzyme
K00603,2.1.2.5;6.3.3.2,enzyme
K03388,1.8.7.3;1.8.98.4;1.8.98.5;1.8.98.6,enzyme
K00615,2.2.1.1,enzyme
K09472,1.2.1.99,enzyme
K03495,,enzyme
K00479,1.14.13.251,enzyme
K01928,6.3.2.13,enzyme
K01649,2.3.3.13,enzyme
K03621,2.3.1.274,enzyme
K01179,3.2.1.4,enzyme
K01869,6.1.1.4,enzyme
K01193,3.2.1.26,enzyme
K00239,1.3.5.1,enzyme
K00942,2.7.4.8,enzyme
K02528,2.1.1.182,enzyme
K11752,1.1.1.193;3.5.4.26,enzyme
K01218,3.2.1.78,enzyme
K01783,5.1.3.1,enzyme
K09022,3.5.99.10,enzyme
K02523,2.5.1.90,enzyme
K00854,2.7.1.17,enzyme
K20169,1.4.2.2,enzyme
K00370,1.7.5.1,enzyme
K01611,4.1.1.50,enzyme
K01785,5.1.3.3,enzyme
K01867,6.1.1.2,enzyme
K01182,3.2.1.10,enzyme
K13941,2.5.1.15;2.7.6.3,enzyme
K01448,3.5.1.28,enzyme
K06445,,enzyme
K00688,2.4.1.1,enzyme
K01872,6.1.1.7,enzyme
K00648,2.3.1.180,enzyme
K00951,2.7.6.5,enzyme
K01434,3.5.1.11,enzyme
K04042,2.3.1.157;2.7.7.23,enzyme
K01585,4.1.1.19,enzyme
K01961,6.3.4.14;6.4.1.2,enzyme
K00817,2.6.1.9,enzyme
K04041,3.1.3.11,enzyme
K01874,6.1.1.10,enzyme
K01972,6.5.1.2,enzyme
K02188,2.1.1.195,enzyme
K02770,2.7.1.202,enzyme
K00820,2.6.1.16,enzyme
K02810,2.7.1.211,enzyme
K00602,2.1.2.3;3.5.4.10,enzyme
K15461,2.1.1.61,enzyme
K01091,3.1.3.18,enzyme
K03735,4.3.1.7,enzyme
K01895,6.2.1.1,enzyme
K00773,2.4.2.29,enzyme
K01130,3.1.6.1,enzyme
K01925,6.3.2.9,enzyme
K00673,2.3.1.109,enzyme
K01929,6.3.2.10,enzyme
K01881,6.1.1.15,enzyme
K01139,2.7.6.5;3.1.7.2,enzyme
K01187,3.2.1.20,enzyme
K01270,,enzyme
K00971,2.7.7.13,enzyme
K02433,6.3.5.6;6.3.5.7,enzyme
K03737,1.2.7.1,enzyme
K01006,2.7.9.1,enzyme
K00059,1.1.1.100,enzyme
K01710,4.2.1.46,enzyme
K00096,1.1.1.261,enzyme
K00658,2.3.1.61,enzyme
K15633,5.4.2.12,enzyme
K06970,2.1.1.181,enzyme
K03151,2.8.1.4,enzyme
K09835,5.2.1.13,enzyme
K01866,6.1.1.1,enzyme
K09883,6.6.1.2,enzyme
K01756,4.3.2.2,enzyme
K03650,,enzyme
K18581,3.2.1.180,enzyme
K00655,2.3.1.51,enzyme
K17722,1.3.1.1,enzyme
K20611,1.3.99.37,enzyme
K00764,2.4.2.14,enzyme
K06131,,enzyme
K03150,4.1.99.19,enzyme
K19222,3.1.2.28,enzyme
K01637,4.1.3.1;4.1.3.30,enzyme
K01208,3.2.1.133;3.2.1.135;3.2.1.54,enzyme
K03394,2.1.1.130;2.1.1.151,enzyme
K21636,1.1.98.6,enzyme
K00325,7.1.1.1,enzyme
K05343,3.2.1.1;5.4.99.16,enzyme
K00943,2.7.4.9,enzyme
K00163,1.2.4.1,enzyme
K04487,2.8.1.7,enzyme
K01519,3.6.1.66,enzyme
K01875,6.1.1.11,enzyme
K00262,1.4.1.4,enzyme
K00036,1.1.1.363;1.1.1.49,enzyme
K22474,1.1.5.5,enzyme
K00705,2.4.1.25,enzyme
K00362,1.7.1.15,enzyme
K07568,2.4.99.17,enzyme
K01662,2.2.1.7,enzyme
K02438,3.2.1.196,enzyme
K01643,2.8.3.10,enzyme
K00595,2.1.1.132;2.1.1.196;2.1.1.289,enzyme
K01840,5.4.2.8,enzyme
K06281,1.12.99.6,enzyme
K01955,6.3.5.5,enzyme
K19244,1.4.1.1,enzyme
K01787,5.1.3.8,enzyme
K07811,1.7.2.3,enzyme
K01951,6.3.5.2,enzyme
K20807,4.2.1.84,enzyme
K26139,1.7.1.4,enzyme
K00134,1.2.1.12,enzyme
K21029,2.7.7.80,enzyme
K02536,2.3.1.191,enzyme
K00868,2.7.1.35,enzyme
K01890,6.1.1.20,enzyme
K01126,3.1.4.46,enzyme
K09251,2.6.1.82,enzyme
K22316,3.1.26.4;3.1.3.73,enzyme
K18369,,enzyme
K00813,2.6.1.1,enzyme
K02190,4.99.1.3,enzyme
K00641,2.3.1.31;2.3.1.46,enzyme
K00099,1.1.1.267,enzyme
K09458,2.3.1.179,enzyme
K00266,1.4.1.13,enzyme
K00796,2.5.1.15,enzyme
K00880,2.7.1.53,enzyme
K01915,6.3.1.2,enzyme
K01667,4.1.99.1,enzyme
K24998,1.3.8.17;6.3.2.31;6.3.2.34,enzyme
K04093,5.4.99.5,enzyme
K01759,4.4.1.5,enzyme
K01616,1.2.4.2;2.2.1.5;2.3.1.61;4.1.1.71,enzyme
K02501,4.3.2.10,enzyme
K01089,3.1.3.15;4.2.1.19,enzyme
K00382,1.8.1.4,enzyme
K00162,1.2.4.1,enzyme
K16149,2.4.1.18,enzyme
K03526,1.17.7.1;1.17.7.3,enzyme
K02434,6.3.5.6;6.3.5.7,enzyme
K02825,2.4.2.9,enzyme
K01876,6.1.1.12,enzyme
K13574,1.1.1.237,enzyme
K15737,1.14.11.64,enzyme
K01686,4.2.1.8,enzyme
K01728,4.2.2.2,enzyme
K03404,6.6.1.1,enzyme
K00031,1.1.1.42,enzyme
K00138,,enzyme
K01226,3.2.1.93,enzyme
K01439,3.5.1.18,enzyme
K00297,1.5.1.54,enzyme
K00335,7.1.1.2,enzyme
K01912,6.2.1.30,enzyme
K00620,2.3.1.1;2.3.1.35,enzyme
K00859,2.7.1.24,enzyme
K15635,5.4.2.12,enzyme
K06151,1.1.99.3,enzyme
K00278,1.4.3.16,enzyme
K03517,2.5.1.72,enzyme
K00259,1.4.1.1,enzyme
K01740,2.5.1.49,enzyme
K18707,2.8.4.5,enzyme
K01256,3.4.11.2,enzyme
K02377,1.1.1.271,enzyme
K01883,6.1.1.16,enzyme
K01026,2.8.3.1,enzyme
K01804,5.3.1.4,enzyme
K00265,1.4.1.13,enzyme
K00240,1.3.5.1,enzyme
K18122,,enzyme
K13953,1.1.1.1,enzyme
K20866,3.1.3.10,enzyme
K06013,3.4.24.84,enzyme
K00700,2.4.1.18,enzyme
K01940,6.3.4.5,enzyme
K02791,2.7.1.199;2.7.1.208,enzyme
K03787,3.1.3.5;3.1.3.6,enzyme
K00800,2.5.1.19,enzyme
K24018,1.3.1.12;1.3.1.43;2.5.1.19,enzyme
K17468,4.3.1.29,enzyme
K00790,2.5.1.7,enzyme
K00703,2.4.1.21,enzyme
K05939,2.3.1.40;6.2.1.20,enzyme
K18109,4.2.3.90,enzyme
K00548,2.1.1.13,enzyme
K09023,,enzyme
K00012,1.1.1.22,enzyme
K01176,3.2.1.1,enzyme
K00604,2.1.2.9,enzyme
K03340,1.4.1.16,enzyme
K00845,2.7.1.2,enzyme
K00343,7.1.1.2,enzyme
K00761,2.4.2.9,enzyme
K00126,1.17.1.9,enzyme
K13378,7.1.1.2,enzyme
K03475,,enzyme
K13038,4.1.1.36;6.3.2.5,enzyme
K01784,5.1.3.2,enzyme
K00927,2.7.2.3,enzyme
K01958,6.4.1.1,enzyme
K00767,2.4.2.19,enzyme
K00639,2.3.1.29,enzyme
K10536,3.5.3.12,enzyme
K03337,5.3.1.30,enzyme
K00287,1.5.1.3,enzyme
K02230,6.6.1.2,enzyme
K00823,2.6.1.19,enzyme
K00831,2.6.1.52,enzyme
K01692,4.2.1.17,enzyme
K01620,4.1.2.48,enzyme
K00164,1.2.4.2,enzyme
K03527,1.17.7.4,enzyme
K04567,6.1.1.6,enzyme
K00252,1.3.8.6,enzyme
K02591,1.18.6.1,enzyme
K01652,2.2.1.6,enzyme
K02548,2.5.1.74,enzyme
K01190,3.2.1.23,enzyme
K08289,6.3.1.21,enzyme
K25026,2.7.1.2,enzyme
K01259,3.4.11.5,enzyme
K12554,,enzyme
K13010,2.6.1.102,enzyme
K01081,3.1.3.5,enzyme
K01657,4.1.3.27,enzyme
K06949,3.1.3.100,enzyme
K01687,4.2.1.9,enzyme
K02819,2.7.1.201,enzyme
K00027,1.1.1.38,enzyme
K16950,,enzyme
K07308,,enzyme
K22927,3.1.4.59,enzyme
K01924,6.3.2.8,enzyme
K01467,3.5.2.6,enzyme
K00282,1.4.4.2,enzyme
K03781,1.11.1.6,enzyme
K01468,3.5.2.7,enzyme
K12528,,enzyme
K00001,1.1.1.1,enzyme
K01607,4.1.1.44,enzyme
K01868,6.1.1.3,enzyme
K01854,5.4.99.9,enzyme
K01835,5.4.2.2,enzyme
K00040,1.1.1.57,enzyme
K22820,,enzyme
K12373,3.2.1.52,enzyme
K04516,5.4.99.5,enzyme
K01201,3.2.1.45,enzyme
K01630,4.1.2.20,enzyme
K02551,2.2.1.9,enzyme
K01699,4.2.1.28,enzyme
K00973,2.7.7.24,enzyme
K03078,4.1.1.85,enzyme
K13542,2.1.1.107;4.2.1.75,enzyme
K01619,4.1.2.4,enzyme
K00074,1.1.1.157,enzyme
K03779,4.2.1.32,enzyme
K00294,1.2.1.88,enzyme
K00647,2.3.1.41,enzyme
K00337,7.1.1.2,enzyme
K01805,5.3.1.5,enzyme
K25657,2.7.1.32,enzyme
K01887,6.1.1.19,enzyme
K24300,4.2.1.135,enzyme
K19005,2.7.8.20,enzyme
K01428,3.5.1.5,enzyme
K01758,4.4.1.1,enzyme
K03594,1.16.3.1,enzyme
K05851,4.6.1.1,enzyme
K14155,4.4.1.13,enzyme
K00432,1.11.1.9,enzyme
K00652,2.3.1.47,enzyme
K00116,1.1.5.4,enzyme
K21936,2.1.1.342,enzyme
K00684,2.3.2.6,enzyme
K00450,1.13.11.4,enzyme
K27502,1.5.1.55,enzyme
K19668,3.2.1.91,enzyme
K00052,1.1.1.85,enzyme
K11211,2.7.1.166,enzyme
K05928,2.1.1.95,enzyme
K10855,6.4.1.6,enzyme
K13014,,enzyme
K01582,4.1.1.18,enzyme
K00925,2.7.2.1,enzyme
K01200,3.2.1.41,enzyme
K01897,6.2.1.3,enzyme
K04765,3.6.1.9,enzyme
K02495,1.3.98.3,enzyme
K05825,,enzyme
K18118,2.8.3.18,enzyme
K01195,3.2.1.31,enzyme
K00763,6.3.4.21,enzyme
K00339,7.1.1.2,enzyme
K00033,1.1.1.343;1.1.1.44,enzyme
K01695,4.2.1.20,enzyme
K01207,3.2.1.52,enzyme
K07246,1.1.1.83;1.1.1.93;4.1.1.73,enzyme
K01438,3.5.1.16,enzyme
K15372,2.6.1.55,enzyme
K00174,1.2.7.11;1.2.7.3,enzyme
K00425,7.1.1.7,enzyme
K00793,2.5.1.9,enzyme
K00075,1.3.1.98,enzyme
K00645,2.3.1.39,enzyme
K00281,1.4.4.2,enzyme
K01113,3.1.3.1,enzyme
K00609,2.1.3.2,enzyme
K20035,1.3.99.41,enzyme
K00558,2.1.1.37,enzyme
K00992,2.7.7.99,enzyme
K00334,7.1.1.2,enzyme
K01889,6.1.1.20,enzyme
K25314,2.7.1.52;2.7.7.30,enzyme
K05878,2.7.1.121,enzyme
K01953,6.3.5.4,enzyme
K13745,4.1.1.86,enzyme
K14583,1.13.11.56,enzyme
K00383,1.8.1.7,enzyme
K01586,4.1.1.20,enzyme
K04091,1.14.14.34;1.14.14.5,enzyme
K22186,4.2.1.82,enzyme
K01847,5.4.99.2,enzyme
K02361,5.4.4.2,enzyme
K16165,3.7.1.20,enzyme
K00721,2.4.1.83,enzyme
K00627,2.3.1.12,enzyme
K00355,1.6.5.2,enzyme
K01698,4.2.1.24,enzyme
K03786,4.2.1.10,enzyme
K00657,2.3.1.57,enzyme
K10680,,enzyme
K03800,6.3.1.20,enzyme
K01460,3.5.1.78;6.3.1.8,enzyme
K01000,2.7.8.13,enzyme
K00762,2.4.2.10,enzyme
K00865,2.7.1.165,enzyme
K01524,3.6.1.11;3.6.1.40,enzyme
K14682,2.3.1.1,enzyme
K01595,4.1.1.31,enzyme
K00631,2.3.1.15,enzyme
K01923,6.3.2.6,enzyme
K03183,2.1.1.163;2.1.1.201,enzyme
K00632,2.3.1.16,enzyme
K01676,4.2.1.2,enzyme
K00963,2.7.7.9,enzyme
K10854,6.4.1.6,enzyme
K01755,4.3.2.1,enzyme
K18120,1.1.1.61,enzyme
K00798,2.5.1.17,enzyme
K00215,1.17.1.8,enzyme
K02804,2.7.1.193,enzyme
K01443,3.5.1.25,enzyme
K00958,2.7.7.4,enzyme
K04069,1.97.1.4,enzyme
K01873,6.1.1.9,enzyme
K27802,4.2.1.3;4.2.1.99,enzyme
K00322,1.6.1.1,enzyme
K00053,1.1.1.86,enzyme
K00991,2.7.7.60,enzyme
K03403,6.6.1.1,enzyme
K12960,3.5.4.28;3.5.4.31,enzyme
K01813,5.3.1.14,enzyme
K01581,4.1.1.17,enzyme
K18336,3.7.1.26,enzyme
K01425,3.5.1.2,enzyme
K00848,2.7.1.5,enzyme
K01966,2.1.3.15;6.4.1.3,enzyme
K26110,1.7.1.7,enzyme
K00392,1.8.7.1,enzyme
K00135,1.2.1.16;1.2.1.20;1.2.1.79,enzyme
K00088,1.1.1.205,enzyme
K00117,1.1.5.2,enzyme
K09882,6.6.1.2,enzyme
K04561,1.7.2.5,enzyme
K01809,5.3.1.8,enzyme
K00856,2.7.1.20,enzyme
K01236,3.2.1.141,enzyme
K16242,1.14.13.243;1.14.13.244,enzyme
K01739,2.5.1.48,enzyme
K07271,,enzyme
K01119,3.1.3.6;3.1.4.16,enzyme
K01198,3.2.1.37,enzyme
K16650,2.4.1.288,enzyme
K07404,3.1.1.31,enzyme
K03431,5.4.2.10,enzyme
K01591,4.1.1.23,enzyme
K00975,2.7.7.27,enzyme
K16011,2.7.7.13;5.3.1.8,enzyme
K00156,1.2.5.1,enzyme
K01950,6.3.5.1,enzyme
K15784,3.5.1.125,enzyme
K00014,1.1.1.25,enzyme
K01609,4.1.1.48,enzyme
K01046,3.1.1.3,enzyme
K00008,1.1.1.14,enzyme
K07405,3.2.1.1,enzyme
K01480,3.5.3.11,enzyme
K03639,4.1.99.22,enzyme
K00166,1.2.4.4,enzyme
K01610,4.1.1.49,enzyme
K05810,2.4.2.1;2.4.2.28;3.5.4.4,enzyme
K00789,2.5.1.6,enzyme
K01082,3.1.3.7,enzyme
K01938,6.3.4.3,enzyme
K00760,2.4.2.8,enzyme
K00185,,enzyme
K00912,2.7.1.130,enzyme
K01666,4.1.3.39,enzyme
K01921,6.3.2.4,enzyme
K01588,5.4.99.18,enzyme
K00254,1.3.5.2,enzyme
K22769,,enzyme
K15921,3.2.1.55,enzyme
K00998,2.7.8.8,enzyme
K12452,1.17.1.1,enzyme
K00426,7.1.1.7,enzyme
K01704,4.2.1.33;4.2.1.35,enzyme
K01952,6.3.5.3,enzyme
K13821,1.2.1.88;1.5.5.2,enzyme
K00858,2.7.1.23,enzyme
K08744,2.7.8.41,enzyme
K01791,5.1.3.14,enzyme
K07264,2.4.2.43,enzyme
K01817,5.3.1.24,enzyme
K02535,3.5.1.108,enzyme
K01956,6.3.5.5,enzyme
K18930,,enzyme
K09001,2.7.1.170,enzyme
K02372,4.2.1.59,enzyme
K01624,4.1.2.13,enzyme
K01483,4.3.2.3,enzyme
K11206,3.5.1.128,enzyme
K01878,6.1.1.14,enzyme
K02363,6.2.1.71;6.3.2.14,enzyme
K24336,4.2.1.115;4.2.1.135,enzyme
K02823,,enzyme
K00878,2.7.1.50,enzyme
K00748,2.4.1.182,enzyme
K01431,3.5.1.6,enzyme
K00123,1.17.1.9,enzyme
K02527,2.4.99.12;2.4.99.13;2.4.99.14;2.4.99.15,enzyme
K01638,2.3.3.9,enzyme
K06168,2.8.4.3,enzyme
K01969,6.4.1.4,enzyme
K00833,2.6.1.62,enzyme
K14471,2.8.3.22,enzyme
K01892,6.1.1.21,enzyme
K01902,6.2.1.5,enzyme
K11754,6.3.2.12;6.3.2.17,enzyme
K16213,5.1.3.11,enzyme
K00930,2.7.2.8,enzyme
K03520,1.2.5.3,enzyme
K01205,3.2.1.50,enzyme
K01488,3.5.4.4,enzyme
K11751,3.1.3.5;3.6.1.45,enzyme
K00974,2.7.7.72,enzyme
K02170,3.1.1.85,enzyme
K18979,1.17.99.6,enzyme
K01689,4.2.1.11,enzyme
K05588,7.1.1.2,enzyme
K00111,1.1.5.3,enzyme
K02446,3.1.3.11,enzyme
K00826,2.6.1.42,enzyme
K01424,3.5.1.1,enzyme
K00634,2.3.1.19,enzyme
K00847,2.7.1.4,enzyme
K07160,3.5.2.9,enzyme
K01647,2.3.3.1,enzyme
K01703,4.2.1.33;4.2.1.35,enzyme
K03279,2.4.1.58,enzyme
K01839,5.4.2.7,enzyme
K00873,2.7.1.40,enzyme
K00145,1.2.1.38,enzyme
K00874,2.7.1.45,enzyme
K10218,4.1.3.17,enzyme
K01812,5.3.1.12,enzyme
K13015,1.1.1.136,enzyme
K00600,2.1.2.1,enzyme
K19268,5.4.99.1,enzyme
K16649,2.4.1.287,enzyme
K08678,4.1.1.35,enzyme
K12308,3.2.1.23,enzyme
K03272,2.7.1.167;2.7.7.70,enzyme
K03426,3.6.1.22,enzyme
K01447,3.5.1.28,enzyme
K01825,1.1.1.35;4.2.1.17;5.1.2.3;5.3.3.8,enzyme
K24845,1.97.1.15,enzyme
K13481,1.17.1.4,enzyme
K02826,7.1.1.5,enzyme
K20534,,enzyme
K01658,4.1.3.27,enzyme
K01879,6.1.1.14,enzyme
K00104,1.1.99.14,enzyme
K07566,2.7.7.87,enzyme
K02753,,enzyme
K01934,6.3.3.2,enzyme
K01807,5.3.1.6,enzyme
K26061,,enzyme
K01679,4.2.1.2,enzyme
K25031,2.7.1.12,enzyme
K01941,6.3.4.6,enzyme
K01880,6.1.1.14,enzyme
K06041,5.3.1.13,enzyme
K00151,1.2.1.60,enzyme
K01512,3.6.1.7,enzyme
K09698,6.1.1.24,enzyme
K05523,3.5.1.124;4.2.1.130,enzyme
K05358,1.1.5.8,enzyme
K00757,2.4.2.3,enzyme
K02227,6.3.1.10,enzyme
K01183,3.2.1.14,enzyme
K03333,1.1.3.6,enzyme
K12410,2.3.1.286;2.3.1.313,enzyme
K00957,2.7.7.4,enzyme
K25986,1.13.11.93,enzyme
K13482,1.17.1.4,enzyme
K00332,7.1.1.2,enzyme
K00836,2.6.1.76,enzyme
K05973,3.1.1.75,enzyme
K01469,3.5.2.9,enzyme
K01223,3.2.1.86,enzyme
K01937,6.3.4.2,enzyme
K01885,6.1.1.17,enzyme
K00330,7.1.1.2,enzyme
K00276,1.4.3.21,enzyme
K01470,3.5.2.10,enzyme
K22994,4.2.2.9,enzyme
K01963,2.1.3.15;6.4.1.2,enzyme
K03644,2.8.1.8,enzyme
K00819,2.6.1.13,enzyme
K00852,2.7.1.15,enzyme
K01631,4.1.2.21,enzyme
K00029,1.1.1.40,enzyme
K01914,6.3.1.1,enzyme
K00324,7.1.1.1,enzyme
K01778,5.1.1.7,enzyme
K01749,2.5.1.61,enzyme
K03743,3.5.1.42,enzyme
K02788,2.7.1.207,enzyme
K00176,1.2.7.3,enzyme
K00340,7.1.1.2,enzyme
K03273,3.1.3.82;3.1.3.83,enzyme
K00948,2.7.6.1,enzyme
K00919,2.7.1.148,enzyme
K03147,4.1.99.17,enzyme
K14170,4.2.1.51;5.4.99.5,enzyme
K12111,3.2.1.23,enzyme
K00954,2.7.7.3,enzyme
K01114,3.1.4.3,enzyme
K01736,4.2.3.5,enzyme
K01251,3.13.2.1,enzyme
K00390,1.8.4.10;1.8.4.8,enzyme
K00124,,enzyme
K15371,1.4.1.2,enzyme
K01051,3.1.1.11,enzyme
K07029,2.7.1.107,enzyme
K00380,1.8.1.2,enzyme
K03525,2.7.1.33,enzyme
K19068,1.1.1.367,enzyme
K13921,,enzyme
K08351,,enzyme
K00692,2.4.1.10,enzyme
K01719,4.2.1.75,enzyme
K03153,1.4.3.19,enzyme
K01486,3.5.4.2,enzyme
K05364,,enzyme
K03367,6.1.1.13,enzyme
K00208,1.3.1.10;1.3.1.9,enzyme
K03182,4.1.1.98,enzyme
K05602,3.1.3.15,enzyme
K00206,,enzyme
K01696,4.2.1.20,enzyme
K01241,3.2.2.4,enzyme
K00997,2.7.8.7,enzyme
K26065,,enzyme
K18704,2.7.8.14;2.7.8.47,enzyme
K00791,2.5.1.75,enzyme
K00371,1.7.5.1,enzyme
K00766,2.4.2.18,enzyme
K01621,4.1.2.22;4.1.2.9,enzyme
K00821,2.6.1.11;2.6.1.17,enzyme
K03760,2.7.8.43,enzyme
K00549,2.1.1.14,enzyme
K03278,2.4.1.44,enzyme
K02549,4.2.1.113,enzyme
K00939,2.7.4.3,enzyme
K00285,1.4.5.1,enzyme
K06215,4.3.3.6,enzyme
K11216,2.7.1.189,enzyme
K03077,5.1.3.4,enzyme
K23374,6.3.2.55,enzyme
K00681,2.3.2.2;3.4.19.13,enzyme
K00656,2.3.1.54,enzyme
K02750,2.7.1.208,enzyme
K16370,2.7.1.11,enzyme
K02800,2.7.1.197,enzyme
K00981,2.7.7.41,enzyme
K00616,2.2.1.2,enzyme
K01455,3.5.1.49,enzyme
K09759,6.1.1.23,enzyme
K17723,1.3.1.1,enzyme
K01714,4.3.3.7,enzyme
K00108,1.1.99.1,enzyme
K00133,1.2.1.11,enzyme
K22622,1.8.2.6,enzyme
K00611,2.1.3.3,enzyme
K00331,7.1.1.2,enzyme
K05774,2.7.4.23,enzyme
K01186,3.2.1.18,enzyme
K08680,4.2.99.20,enzyme
K01735,4.2.3.4,enzyme
K02232,6.3.5.10,enzyme
K01945,6.3.4.13,enzyme
K13657,2.4.1.252,enzyme
K00114,1.1.2.8,enzyme
K01712,4.2.1.49,enzyme
K05936,2.1.1.133;2.1.1.271,enzyme
K07031,2.7.1.168,enzyme
K00342,7.1.1.2,enzyme
K08316,2.1.1.171,enzyme
K00560,2.1.1.45,enzyme
K07106,4.2.1.126,enzyme
K07232,4.3.2.7,enzyme
K00048,1.1.1.77,enzyme
K01690,4.2.1.12,enzyme
K01919,6.3.2.2,enzyme
K24866,1.3.1.76,enzyme
K02552,5.4.4.2,enzyme
K01752,4.3.1.17,enzyme
K13503,4.1.3.27,enzyme
K02563,2.4.1.227,enzyme
K05823,3.5.1.47,enzyme
K26063,,enzyme
K24110,6.2.1.62,enzyme
K03462,2.4.2.12,enzyme
K01599,4.1.1.37,enzyme
K13788,2.3.1.8,enzyme
K03385,1.7.2.2,enzyme
K00931,2.7.2.11,enzyme
K25496,,enzyme
K01222,3.2.1.86,enzyme
K02567,1.9.6.1,enzyme
K07823,2.3.1.174,enzyme
K00651,2.3.1.31;2.3.1.46,enzyme
K00689,2.4.1.5,enzyme
K01092,3.1.3.25,enzyme
K01465,3.5.2.3,enzyme
K00341,7.1.1.2,enzyme
K05934,2.1.1.131;2.1.1.272,enzyme
K26272,2.3.1.312,enzyme
K21574,3.2.1.3,enzyme
K01255,3.4.11.1,enzyme
K11334,1.3.7.14;1.3.7.15,enzyme
K07407,3.2.1.22,enzyme
K00806,2.5.1.31,enzyme
K04068,1.97.1.4,enzyme
K00067,1.1.1.133,enzyme
K13571,6.3.1.19,enzyme
K01738,2.5.1.47,enzyme
K00772,2.4.2.28,enzyme
K03651,3.1.4.53,enzyme
K00249,1.3.8.7,enzyme
K25652,,enzyme
K18334,4.2.1.68,enzyme
K19270,3.1.3.22;3.1.3.23;3.1.3.50,enzyme
K01197,3.2.1.35,enzyme
K06001,4.2.1.20,enzyme
K01682,4.2.1.3;4.2.1.99,enzyme
K00797,2.5.1.16,enzyme
K00023,1.1.1.36,enzyme
K00625,2.3.1.8,enzyme
K05365,2.4.99.28;3.4.16.4,enzyme
K00872,2.7.1.39,enzyme
K05946,2.4.1.187,enzyme
K00286,1.5.1.2,enzyme
K00950,2.7.6.3,enzyme
K01569,4.1.1.2,enzyme
K01576,4.1.1.7,enzyme
K20881,,enzyme
K00694,2.4.1.12,enzyme
K03801,2.3.1.181,enzyme
K04075,6.3.4.19,enzyme
K03778,1.1.1.28,enzyme
K21147,2.7.7.80;2.8.1.11,enzyme
K00849,2.7.1.6,enzyme
K01848,5.4.99.2,enzyme
K09018,1.14.99.46,enzyme
K00459,1.13.12.16,enzyme
K01209,3.2.1.55,enzyme
K11781,2.5.1.147,enzyme
K09121,4.99.1.12,enzyme
K00361,1.7.1.4,enzyme
K02493,2.1.1.297,enzyme
K01627,2.5.1.55,enzyme
K00691,2.4.1.8,enzyme
K00507,1.14.19.1,enzyme
K08281,3.5.1.19,enzyme
K22227,1.3.98.6,enzyme
K05526,3.5.1.96,enzyme
K03473,1.1.1.290,enzyme
K03738,1.2.7.5,enzyme
K20862,3.1.3.102;3.1.3.104,enzyme
K02775,,enzyme
K23734,2.3.1.181,enzyme
K00077,1.1.1.169,enzyme
K01684,4.2.1.6,enzyme
K01477,3.5.3.4,enzyme
K07173,4.4.1.21,enzyme
K00956,2.7.7.4,enzyme
K00563,2.1.1.187,enzyme
K14266,1.14.19.9,enzyme
K07468,,enzyme
K00606,2.1.2.11,enzyme
K23007,1.1.1.414,enzyme
K01960,6.4.1.1,enzyme
K01834,5.4.2.11,enzyme
K01194,3.2.1.28,enzyme
K02467,5.3.1.13,enzyme
K01653,2.2.1.6,enzyme
K01911,6.2.1.26,enzyme
K00338,7.1.1.2,enzyme
K10804,3.1.1.2;3.1.1.5;3.1.2.2,enzyme
K01042,2.9.1.1,enzyme
K03752,2.7.7.77,enzyme
K00528,1.18.1.2;1.19.1.1,enzyme
K01819,5.3.1.26,enzyme
K03777,1.1.5.12,enzyme
K03637,4.6.1.17,enzyme
K06920,6.3.4.20,enzyme
K18676,2.7.1.8,enzyme
K20509,7.2.4.1,enzyme
K01129,3.1.5.1,enzyme
K15899,2.7.7.81,enzyme
K20680,2.6.1.90,enzyme
K25599,,enzyme
K22373,5.1.2.1,enzyme
K07145,1.14.99.48,enzyme
K12957,1.1.1.183;1.1.1.2,enzyme
K07248,1.2.1.21;1.2.1.22,enzyme
K01579,4.1.1.11,enzyme
K01674,4.2.1.1,enzyme
K02492,1.2.1.70,enzyme
K01754,4.3.1.19,enzyme
K16371,,enzyme
K04016,,enzyme
K00568,2.1.1.222;2.1.1.64,enzyme
K00013,1.1.1.23,enzyme
K23976,,enzyme
K11784,1.21.98.1,enzyme
K07309,1.97.1.9,enzyme
K01661,4.1.3.36,enzyme
K13942,1.12.98.2,enzyme
K19002,2.4.1.337,enzyme
K06966,3.2.2.10,enzyme
K00955,2.7.1.25;2.7.7.4,enzyme
K00946,2.7.4.16,enzyme
K00891,2.7.1.71,enzyme
K17103,2.7.8.8,enzyme
K04072,1.1.1.1;1.2.1.10,enzyme
K01962,2.1.3.15;6.4.1.2,enzyme
K18430,2.5.1.101,enzyme
K13069,2.7.7.65,enzyme
K00318,1.5.5.2,enzyme
K01478,3.5.3.6,enzyme
K02586,1.18.6.1,enzyme
K20036,4.2.1.155,enzyme
K01495,3.5.4.16,enzyme
K00794,2.5.1.78,enzyme
K01029,2.8.3.5,enzyme
K22187,,enzyme
K24042,1.5.1.54;2.1.1.13,enzyme
K01487,3.5.4.3,enzyme
K01775,5.1.1.1,enzyme
K01008,2.7.9.3,enzyme
K02431,5.1.3.29,enzyme
K00864,2.7.1.30,enzyme
K01760,4.4.1.13,enzyme
K06045,4.2.1.129;5.4.99.17,enzyme
K02773,2.7.1.200,enzyme
K26071,,enzyme
K01458,3.5.1.68,enzyme
K21782,1.3.8.14,enzyme
K01011,2.8.1.1;2.8.1.2,enzyme
K13498,4.1.1.48;5.3.1.24,enzyme
K23518,3.1.1.106,enzyme
K06221,1.1.1.346,enzyme
K02746,,enzyme
K00130,1.2.1.8,enzyme
K17884,2.7.8.39,enzyme
K01571,7.2.4.2,enzyme
K00759,2.4.2.7,enzyme
K01733,4.2.3.1,enzyme
K00010,1.1.1.18;1.1.1.369,enzyme
K27542,3.5.3.27;4.3.1.12,enzyme
K13552,1.1.3.43,enzyme
K00526,1.17.4.1,enzyme
K01426,3.5.1.4,enzyme
K00381,1.8.1.2,enzyme
K03476,,enzyme
K01596,4.1.1.32,enzyme
K11175,2.1.2.2,enzyme
K01644,4.1.3.34,enzyme
K21062,3.5.4.22,enzyme
K01720,4.2.1.79,enzyme
K00283,1.4.4.2,enzyme
K01737,4.1.2.50;4.2.3.12,enzyme
K00940,2.7.4.6,enzyme
K01012,2.8.1.6,enzyme
K01633,1.13.11.81;4.1.2.25;5.1.99.8,enzyme
K05601,1.7.99.1,enzyme
K03750,2.10.1.1,enzyme
K04034,1.21.98.3,enzyme
K01968,6.4.1.4,enzyme
K11178,1.17.1.4,enzyme
K01601,4.1.1.39,enzyme
K22015,1.17.98.4;1.17.98.5,enzyme
K00979,2.7.7.38,enzyme
K00966,2.7.7.13,enzyme
K01497,3.5.4.25,enzyme
K00945,2.7.4.25,enzyme
K02761,,enzyme
K00457,1.13.11.27,enzyme
K02690,1.97.1.12,enzyme
K22270,1.14.13.24,enzyme
K02298,7.1.1.3,enzyme
K00057,1.1.1.94,enzyme
K11177,1.17.1.4,enzyme
K07307,,enzyme
K10215,,enzyme
K11755,3.5.4.19;3.6.1.31,enzyme
K14136,2.4.2.45,enzyme
K00112,1.1.5.3,enzyme
K04720,4.1.1.81,enzyme
K00024,1.1.1.37,enzyme
K00167,1.2.4.4,enzyme
K14654,1.1.1.302,enzyme
K22205,3.13.2.3,enzyme
K01077,3.1.3.1,enzyme
K21832,1.14.13.251,enzyme
K11533,,enzyme
K09474,3.1.3.2,enzyme
K12972,1.1.1.79;1.1.1.81,enzyme
K00841,,enzyme
K00605,2.1.2.10,enzyme
K23393,6.3.5.13,enzyme
K00768,2.4.2.21,enzyme
K01093,3.1.3.2;3.1.3.26,enzyme
K02612,,enzyme
K00995,2.7.8.5,enzyme
K18661,6.2.1.76,enzyme
K07812,1.7.2.3,enzyme
K12255,3.5.3.7,enzyme
K01933,6.3.3.1,enzyme
K00965,2.7.7.12,enzyme
K00899,2.7.1.100,enzyme
K06720,4.2.1.108,enzyme
K03271,5.3.1.28,enzyme
K03338,2.7.1.92,enzyme
K01761,4.4.1.11,enzyme
K18912,1.14.99.50,enzyme
K02798,2.7.1.197,enzyme
K06881,3.1.13.3;3.1.3.7,enzyme
K00879,2.7.1.51,enzyme
K04019,,enzyme
K03270,3.1.3.45,enzyme
K14441,2.8.4.4,enzyme
K21064,3.1.3.104,enzyme
K23269,6.3.5.3,enzyme
K08357,,enzyme
K11991,3.5.4.33,enzyme
K03334,1.4.3.2,enzyme
K15922,3.2.1.199,enzyme
K09128,4.2.1.182,enzyme
K01803,5.3.1.1,enzyme
K01520,3.6.1.23,enzyme
K00566,2.8.1.13,enzyme
K00384,1.8.1.9,enzyme
K00564,2.1.1.172,enzyme
K00758,2.4.2.4,enzyme
K02609,1.14.13.149,enzyme
K22601,2.1.3.5,enzyme
K18292,4.1.3.25,enzyme
K00005,1.1.1.6,enzyme
K00248,1.3.8.1,enzyme
K09828,1.3.1.72,enzyme
K00303,1.5.3.1;1.5.3.24,enzyme
K09699,2.3.1.168,enzyme
K02364,6.2.1.72;6.3.2.14,enzyme
K09953,,enzyme
K10764,,enzyme
K08302,4.1.2.40,enzyme
K15915,2.7.8.36,enzyme
K01665,2.6.1.85,enzyme
K08354,,enzyme
K01473,3.5.2.14,enzyme
K00467,1.13.12.4,enzyme
K01858,5.5.1.4,enzyme
K10960,1.3.1.111;1.3.1.83,enzyme
K02795,,enzyme
K15914,2.4.1.290,enzyme
K17285,1.8.3.4,enzyme
K18383,4.1.2.61,enzyme
K01442,3.5.1.24,enzyme
K08591,2.3.1.275,enzyme
K02796,,enzyme
K00263,1.4.1.9,enzyme
K04748,,enzyme
K01685,4.2.1.7,enzyme
K10220,4.2.1.83,enzyme
K17828,1.3.1.14,enzyme
K02502,,enzyme
K11783,3.2.2.26,enzyme
K08963,5.3.1.23,enzyme
K22129,2.7.1.219;2.7.1.220,enzyme
K01057,3.1.1.31,enzyme
K01451,3.5.1.32,enzyme
K00857,2.7.1.21,enzyme
K19956,,enzyme
K00765,2.4.2.17,enzyme
K01053,3.1.1.17,enzyme
K00058,1.1.1.399;1.1.1.95,enzyme
K19221,2.5.1.17,enzyme
K00039,1.1.1.56,enzyme
K08295,6.2.1.32,enzyme
K04486,3.1.3.15,enzyme
K13018,2.3.1.201,enzyme
K02517,2.3.1.241,enzyme
K12743,6.3.2.26,enzyme
K14652,3.5.4.25;4.1.99.12,enzyme
K00275,1.4.3.5,enzyme
K15916,5.3.1.8;5.3.1.9,enzyme
K01095,3.1.3.27,enzyme
K03816,2.4.2.22,enzyme
K00697,2.4.1.15;2.4.1.347,enzyme
K06167,3.1.4.55,enzyme
K16212,2.4.1.281,enzyme
K01920,6.3.2.3,enzyme
K22579,2.7.9.6,enzyme
K01626,2.5.1.54,enzyme
K25072,1.2.99.10,enzyme
K02496,2.1.1.107,enzyme
K09457,1.7.1.13,enzyme
K00016,1.1.1.27,enzyme
K04835,4.3.1.2,enzyme
K01910,6.2.1.22,enzyme
K01485,3.5.4.1;3.5.4.21,enzyme
K00175,1.2.7.11;1.2.7.3,enzyme
K01515,3.6.1.13,enzyme
K01640,4.1.3.4,enzyme
K00886,2.7.1.63,enzyme
K02257,2.5.1.141,enzyme
K00892,2.7.1.73,enzyme
K02231,2.7.1.156;2.7.7.62,enzyme
K03399,2.1.1.289,enzyme
K00193,2.3.1.169,enzyme
K12582,2.4.1.325,enzyme
K09903,2.7.4.22,enzyme
K01745,4.3.1.3,enzyme
K01214,3.2.1.68,enzyme
K01796,5.1.99.4,enzyme
K02474,1.1.1.136,enzyme
K02805,2.6.1.59,enzyme
K03405,6.6.1.1,enzyme
K17829,1.3.1.86,enzyme
K00835,2.6.1.66,enzyme
K00141,1.2.1.28,enzyme
K01639,4.1.3.3,enzyme
K01096,3.1.3.27;3.1.3.4;3.6.1.27;3.6.1.75,enzyme
K00158,1.2.3.3,enzyme
K01844,5.4.3.3,enzyme
K24249,5.3.2.4,enzyme
K21420,2.3.2.29,enzyme
K05988,3.2.1.11,enzyme
K01916,6.3.1.5,enzyme
K01079,3.1.3.3,enzyme
K01625,4.1.2.14;4.1.3.42,enzyme
K02169,2.1.1.197,enzyme
K03782,1.11.1.21,enzyme
K18981,1.1.1.203,enzyme
K00851,2.7.1.12,enzyme
K07043,,enzyme
K23995,1.1.2.10,enzyme
K01613,4.1.1.65,enzyme
K07130,3.5.1.9,enzyme
K19004,2.4.1.315,enzyme
K21140,3.13.1.6,enzyme
K07406,3.2.1.22,enzyme
K00140,1.2.1.18;1.2.1.27,enzyme
K01845,5.4.3.8,enzyme
K03474,2.6.99.2,enzyme
K03149,2.8.1.10,enzyme
K01494,3.5.4.13,enzyme
K07251,2.7.1.89,enzyme
K00127,,enzyme
K00677,2.3.1.129,enzyme
K00402,2.8.4.1,enzyme
K00882,2.7.1.56,enzyme
K02488,2.7.7.65,enzyme
K02782,2.7.1.198,enzyme
K00640,2.3.1.30,enzyme
K02078,,enzyme
K00007,1.1.1.11,enzyme
K00867,2.7.1.33,enzyme
K00042,1.1.1.60,enzyme
K00121,1.1.1.1;1.1.1.284,enzyme
K27188,1.8.5.10,enzyme
K16515,4.2.1.83,enzyme
K00862,2.7.1.215,enzyme
K01041,,enzyme
K06132,,enzyme
K01965,6.4.1.3,enzyme
K05603,3.5.3.13,enzyme
K03785,4.2.1.10,enzyme
K01491,1.5.1.5;3.5.4.9,enzyme
K16148,2.4.1.342,enzyme
K14260,2.6.1.2;2.6.1.66,enzyme
K16951,,enzyme
K03430,2.6.1.37,enzyme
K09879,1.3.99.39;1.3.99.40,enzyme
K23304,2.3.1.30,enzyme
K03417,4.1.3.30,enzyme
K02774,2.7.1.200,enzyme
K22131,5.3.1.35,enzyme
K12297,2.1.1.173;2.1.1.264,enzyme
K01782,1.1.1.35;4.2.1.17;5.1.2.3,enzyme
K05549,1.14.12.10,enzyme
K15866,5.3.3.18,enzyme
K02619,4.1.3.38,enzyme
K01776,5.1.1.3,enzyme
K11391,2.1.1.174,enzyme
K18425,4.1.3.41,enzyme
K11753,2.7.1.26;2.7.7.2,enzyme
K01808,5.3.1.6,enzyme
K16870,2.4.1.289,enzyme
K00529,1.18.1.3,enzyme
K17838,3.5.2.6,enzyme
K08260,3.5.1.90,enzyme
K27684,4.1.1.127,enzyme
K10747,6.5.1.1;6.5.1.6;6.5.1.7,enzyme
K16329,4.2.1.70,enzyme
K19709,2.8.3.8,enzyme
K18675,2.4.1.280,enzyme
K02082,,enzyme
K03821,2.3.1.304,enzyme
K00969,2.7.7.18,enzyme
K01178,3.2.1.3,enzyme
K04021,,enzyme
K00260,1.4.1.2,enzyme
K02786,2.7.1.207,enzyme
K00209,1.3.1.44;1.3.1.9,enzyme
K23550,3.2.1.18,enzyme
K11263,6.3.4.14;6.4.1.2;6.4.1.3,enzyme
K00255,1.3.8.8,enzyme
K00247,,enzyme
K00788,2.5.1.3,enzyme
K08679,5.1.3.6,enzyme
K06042,5.4.99.60;5.4.99.61,enzyme
K13938,1.5.1.3;1.5.1.50,enzyme
K21071,2.7.1.11;2.7.1.90,enzyme
K08682,3.1.4.14,enzyme
K16873,1.1.3.47,enzyme
K03809,1.6.5.2,enzyme
K01589,6.3.4.18,enzyme
K00004,1.1.1.303;1.1.1.4,enzyme
K18288,,enzyme
K14187,1.3.1.12;5.4.99.5,enzyme
K12251,3.5.1.53,enzyme
K03472,1.2.1.72,enzyme
K02224,6.3.5.11;6.3.5.9,enzyme
K02437,,enzyme
K12974,2.3.1.242,enzyme
K10206,2.6.1.83,enzyme
K04566,6.1.1.6,enzyme
K02777,,enzyme
K07053,3.1.3.97,enzyme
K03079,5.1.3.22,enzyme
K01725,4.2.1.104,enzyme
K01184,3.2.1.15,enzyme
K16066,1.1.1.381,enzyme
K01716,4.2.1.59;5.3.3.14,enzyme
K18785,2.4.1.319;2.4.1.320,enzyme
K06153,3.6.1.27,enzyme
K00702,2.4.1.20,enzyme
K00153,1.1.1.306,enzyme
K07306,1.8.5.3,enzyme
K00233,1.3.5.1;7.1.1.12,enzyme
K10837,2.7.1.164,enzyme
K23999,2.7.7.104;5.4.2.9,enzyme
K01580,4.1.1.15,enzyme
K01628,4.1.2.17,enzyme
K01433,3.5.1.10,enzyme
K00980,2.7.7.39,enzyme
K09809,2.7.8.12,enzyme
K06447,1.2.1.71,enzyme
K00241,,enzyme
K00926,2.7.2.2,enzyme
K01220,3.2.1.85,enzyme
K07749,2.8.3.16,enzyme
K17104,2.5.1.41,enzyme
K00284,1.4.7.1,enzyme
K01777,5.1.1.4,enzyme
K00169,1.2.7.1,enzyme
K00801,2.5.1.21,enzyme
K03707,3.5.99.2,enzyme
K00218,1.3.1.33,enzyme
K16842,3.5.2.5,enzyme
K22539,4.2.2.2,enzyme
K01771,4.6.1.13,enzyme
K13381,3.2.1.14;3.2.1.17,enzyme
K14731,3.1.1.83,enzyme
K05363,2.3.2.10,enzyme
K08722,3.1.3.89,enzyme
K07751,3.4.11.23,enzyme
K28482,1.3.1.6,enzyme
K18911,2.1.1.44,enzyme
K00875,2.7.1.47,enzyme
K10805,,enzyme
K19745,,enzyme
K22251,1.1.1.6,enzyme
K10011,1.1.1.305;2.1.2.13,enzyme
K01843,5.4.3.2,enzyme
K15918,2.7.1.31,enzyme
K02500,4.3.2.10,enzyme
K10027,1.3.99.26;1.3.99.28;1.3.99.29;1.3.99.31,enzyme
K00932,2.7.2.15,enzyme
K01039,2.8.3.12,enzyme
K06015,3.5.1.81,enzyme
K15894,4.2.1.115,enzyme
K19302,3.6.1.27,enzyme
K13063,2.6.1.86,enzyme
K02302,1.3.1.76;2.1.1.107;4.99.1.4,enzyme
K01709,4.2.1.45,enzyme
K07142,2.7.6.3,enzyme
K01058,3.1.1.32;3.1.1.4,enzyme
K03465,2.1.1.148,enzyme
K08310,3.6.1.67,enzyme
K04098,1.13.11.37,enzyme
K18335,1.1.1.434,enzyme
K07816,2.7.6.5,enzyme
K04781,4.2.99.21;5.4.4.2,enzyme
K22549,,enzyme
K15999,,enzyme
K03185,,enzyme
K02610,,enzyme
K08966,3.1.3.87,enzyme
K01474,3.5.2.14,enzyme
K01659,2.3.3.5,enzyme
K02083,3.5.3.9,enzyme
K00101,1.1.2.3,enzyme
K07806,2.6.1.87,enzyme
K07310,1.97.1.9,enzyme
K12527,1.97.1.9,enzyme
K09471,,enzyme
K21480,1.14.15.20,enzyme
K19883,2.3.1.82;2.7.1.190,enzyme
K05713,1.13.11.16,enzyme
K25627,,enzyme
K20155,1.5.3.21,enzyme
K03335,4.2.1.44,enzyme
K03784,2.4.2.1,enzyme
K12256,2.6.1.113,enzyme
K18313,2.8.3.20,enzyme
K01713,4.2.1.51;4.2.1.91,enzyme
K28126,5.4.2.10;5.4.2.13,enzyme
K02858,4.1.99.12,enzyme
K01790,5.1.3.13,enzyme
K11695,2.3.2.18,enzyme
K17218,1.8.5.4,enzyme
K22212,4.1.1.101,enzyme
K27597,2.4.1.337,enzyme
K05921,4.1.1.68,enzyme
K26355,1.3.1.125,enzyme
K01768,4.6.1.1,enzyme
K00003,1.1.1.3,enzyme
K10012,2.4.2.53,enzyme
K08299,4.2.1.149,enzyme
K23351,,enzyme
K06287,,enzyme
K00261,1.4.1.3,enzyme
K00941,2.7.1.49;2.7.4.7,enzyme
K00832,2.6.1.57,enzyme
K06211,2.7.1.22;2.7.7.1,enzyme
K05711,1.3.1.87,enzyme
K03274,5.1.3.20,enzyme
K04517,1.3.1.12,enzyme
K00128,1.2.1.3,enzyme
K15895,2.6.1.92,enzyme
K18479,5.3.1.31,enzyme
K03742,3.5.1.42,enzyme
K09021,,enzyme
K06879,1.7.1.13,enzyme
K13875,4.2.1.25,enzyme
K05966,2.4.2.52,enzyme
K19802,5.1.1.20;5.1.1.25,enzyme
K03332,3.2.1.80,enzyme
K08323,4.2.1.8,enzyme
K15898,2.5.1.97,enzyme
K24012,6.2.1.13,enzyme
K23549,1.12.99.6,enzyme
K02160,,enzyme
K08325,,enzyme
K01489,3.5.4.5,enzyme
K01069,3.1.2.6,enzyme
K03269,3.6.1.54,enzyme
K03280,2.4.1.56,enzyme
K21231,1.3.7.13,enzyme
K01584,4.1.1.19,enzyme
K00064,1.1.1.122,enzyme
K00041,1.1.1.58,enzyme
K01814,5.3.1.16,enzyme
K23372,6.3.2.54,enzyme
K23265,3.5.1.2;6.3.5.3,enzyme
K01070,3.1.2.12,enzyme
K01060,3.1.1.41,enzyme
K19355,3.2.1.78,enzyme
K22708,2.4.1.355,enzyme
K01715,4.2.1.17,enzyme
K13566,3.5.1.3,enzyme
K03524,6.3.4.15,enzyme
K13290,2.6.1.51,enzyme
K00674,2.3.1.117,enzyme
K18800,1.14.13.240,enzyme
K00554,2.1.1.228,enzyme
K02233,2.7.8.26,enzyme
K00496,1.14.15.3,enzyme
K02783,,enzyme
K22477,2.3.1.1,enzyme
K01449,,enzyme
K01818,5.3.1.25;5.3.1.3,enzyme
K13306,1.1.1.266,enzyme
K00690,2.4.1.7,enzyme
K00547,2.1.1.10,enzyme
K10679,1.5.1.34,enzyme
K07250,2.6.1.19;2.6.1.22;2.6.1.48,enzyme
K13954,1.1.1.1,enzyme
K00895,2.7.1.90,enzyme
K13979,1.1.1.2,enzyme
K01734,4.2.3.3,enzyme
K00372,,enzyme
K18224,1.14.13.227,enzyme
K16435,4.2.1.159,enzyme
K01815,5.3.1.17,enzyme
K03825,2.3.1.53,enzyme
K15634,5.4.2.11,enzyme
K08311,,enzyme
K14597,,enzyme
K07320,2.1.1.298,enzyme
K05827,6.3.2.43,enzyme
K05375,,enzyme
K15981,1.14.15.29,enzyme
K00054,1.1.1.88,enzyme
K18365,4.1.3.39;4.1.3.43,enzyme
K03389,1.8.7.3;1.8.98.4;1.8.98.5;1.8.98.6,enzyme
K18289,2.8.3.22,enzyme
K07516,1.1.1.35,enzyme
K25995,1.3.5.1;7.1.1.12,enzyme
K15778,5.4.2.2;5.4.2.8,enzyme
K24112,,enzyme
K00610,,enzyme
K00468,1.13.12.2,enzyme
K02588,,enzyme
K01673,4.2.1.1,enzyme
K10212,,enzyme
K25317,5.1.1.10,enzyme
K00200,1.2.7.12,enzyme
K00170,1.2.7.1,enzyme
K03788,3.1.3.2,enzyme
K00066,1.1.1.132,enzyme
K06133,,enzyme
K22083,2.1.1.21,enzyme
K07558,2.7.7.72,enzyme
K00231,1.3.3.15;1.3.3.4,enzyme
K04518,4.2.1.51,enzyme
K12529,,enzyme
K01750,4.3.1.12,enzyme
K00201,1.2.7.12,enzyme
K22956,2.3.1.184,enzyme
K00094,1.1.1.251,enzyme
K02560,2.3.1.243,enzyme
K08320,3.6.1.65,enzyme
K01034,2.8.3.8;2.8.3.9,enzyme
K15519,2.7.1.74;2.7.1.76,enzyme
K06118,3.13.1.1,enzyme
K01635,4.1.2.40,enzyme
K17228,1.14.14.35,enzyme
K22396,4.2.1.82,enzyme
K20566,1.1.3.43,enzyme
K26138,1.7.1.4,enzyme
K00090,1.1.1.215;1.1.1.79;1.1.1.81,enzyme
K02744,,enzyme
K03518,1.2.5.3,enzyme
K02371,1.3.1.9,enzyme
K13017,2.6.1.98,enzyme
K15945,,enzyme
K20455,4.2.1.117,enzyme
K00097,1.1.1.262,enzyme
K28125,5.1.3.42,enzyme
K00009,1.1.1.17,enzyme
K00728,2.4.1.109,enzyme
K02297,7.1.1.3,enzyme
K05884,1.1.1.337,enzyme
K01908,6.2.1.17,enzyme
K00795,2.5.1.1;2.5.1.10,enzyme
K13075,3.1.1.81,enzyme
K24954,,enzyme
K00113,,enzyme
K12506,2.7.7.60;4.6.1.12,enzyme
K05710,,enzyme
K23264,6.3.5.3,enzyme
K00102,1.1.2.4,enzyme
K23149,3.1.1.104,enzyme
K01085,3.1.3.10,enzyme
K01841,5.4.2.9,enzyme
K08681,4.3.3.6,enzyme
K17948,5.1.3.24,enzyme
K00822,2.6.1.18,enzyme
K14164,6.1.1.14,enzyme
K00803,2.5.1.26,enzyme
K01430,3.5.1.5,enzyme
K06162,3.6.1.63,enzyme
K01971,6.5.1.1,enzyme
K00302,1.5.3.1;1.5.3.24,enzyme
K01484,3.5.3.23,enzyme
K02510,4.1.2.52,enzyme
K05895,1.3.1.106;1.3.1.54,enzyme
K01907,6.2.1.16,enzyme
K00376,1.7.2.4,enzyme
K13656,2.7.8.31,enzyme
K00274,1.4.3.4,enzyme
K08973,,enzyme
K03740,,enzyme
K22226,,enzyme
K24136,1.11.1.27,enzyme
K24264,4.1.1.11,enzyme
K15524,,enzyme
K12339,2.5.1.144,enzyme
K10806,,enzyme
K15855,3.2.1.165,enzyme
K08968,1.8.4.14,enzyme
K12973,2.3.1.251,enzyme
K01243,3.2.2.9,enzyme
K23385,4.1.1.116,enzyme
K00481,1.14.13.2,enzyme
K00769,2.4.2.22,enzyme
K05350,3.2.1.21,enzyme
K11779,2.5.1.147;4.3.1.32,enzyme
K01884,6.1.1.16,enzyme
K13787,2.5.1.1;2.5.1.10;2.5.1.29,enzyme
K21802,1.2.1.67,enzyme
K08967,1.13.11.53;1.13.11.54,enzyme
K13920,4.2.1.28,enzyme
K27681,,enzyme
K00394,1.8.99.2,enzyme
K00228,1.3.3.3,enzyme
K06044,5.4.99.15,enzyme
K07732,2.7.1.161,enzyme
K18277,1.14.13.148,enzyme
K02435,6.3.5.6;6.3.5.7,enzyme
K24258,5.1.3.28,enzyme
K01061,3.1.1.45,enzyme
K03638,2.7.7.75,enzyme
K00030,1.1.1.41,enzyme
K00449,1.13.11.3,enzyme
K18285,2.5.1.120,enzyme
K01708,4.2.1.42,enzyme
K01838,5.4.2.6,enzyme
K03390,1.8.7.3;1.8.98.4;1.8.98.5;1.8.98.6,enzyme
K06726,5.4.99.62,enzyme
K05341,2.4.1.4,enzyme
K01560,3.8.1.2,enzyme
K22084,1.5.99.5,enzyme
K00839,2.6.1.112,enzyme
K00701,2.4.1.19,enzyme
K00333,7.1.1.2,enzyme
K00232,1.3.3.6,enzyme
K25814,2.7.1.191,enzyme
K22478,2.3.1.1;2.7.2.8,enzyme
K01525,3.6.1.41,enzyme
K01464,3.5.2.2,enzyme
K12428,,enzyme
K23004,,enzyme
K05580,7.1.1.2,enzyme
K18223,1.14.13.227,enzyme
K03179,2.5.1.39,enzyme
K03184,1.14.99.60,enzyme
K00368,1.7.2.1,enzyme
K19710,2.7.7.53,enzyme
K17872,1.6.5.12,enzyme
K13497,2.4.2.18;4.1.3.27,enzyme
K02472,1.1.1.336,enzyme
K01641,2.3.3.10,enzyme
K11645,4.1.2.13,enzyme
K05898,1.3.99.4,enzyme
K09459,4.1.1.82,enzyme
K06164,2.7.8.37,enzyme
K05606,5.1.99.1,enzyme
K02362,2.7.8.7;6.3.2.14,enzyme
K01500,3.5.4.9,enzyme
K20712,5.4.4.3,enzyme
K22292,3.1.3.105,enzyme
K09470,6.3.1.11,enzyme
K21059,6.2.1.51,enzyme
K07757,3.1.3.23,enzyme
K00830,2.6.1.44;2.6.1.45;2.6.1.51,enzyme
K23121,4.2.1.172,enzyme
K10678,,enzyme
K00483,1.14.14.9,enzyme
K01975,3.1.4.58,enzyme
K21935,2.3.1.264,enzyme
K21308,,enzyme
K14977,3.5.3.26,enzyme
K26069,,enzyme
K21834,,enzyme
K20934,1.7.2.7,enzyme
K20616,2.5.1.150,enzyme
K11192,2.7.1.192,enzyme
K03635,2.8.1.12,enzyme
K12748,3.5.1.93,enzyme
K06209,5.4.99.5,enzyme
K17837,3.5.2.6,enzyme
K00177,1.2.7.3,enzyme
K18478,2.7.1.184,enzyme
K22086,1.5.99.5,enzyme
K00799,2.5.1.18,enzyme
K00374,1.7.5.1,enzyme
K00035,1.1.1.48,enzyme
K15777,,enzyme
K01788,5.1.3.9,enzyme
K28205,2.6.1.52,enzyme
K02747,,enzyme
K28227,,enzyme
K07102,2.7.1.221,enzyme
K05889,1.1.2.6,enzyme
K21061,,enzyme
K09988,5.3.1.15,enzyme
K03783,2.4.2.1,enzyme
K01003,4.1.1.112,enzyme
K06898,2.5.1.143,enzyme
K06441,1.12.7.2,enzyme
K12437,,enzyme
K00065,1.1.1.127,enzyme
K13243,3.1.4.52,enzyme
K14338,1.14.14.1;1.6.2.4,enzyme
K18537,2.1.1.394,enzyme
K26400,4.2.1.118,enzyme
K04038,1.3.7.7,enzyme
K08312,,enzyme
K12525,1.1.1.3;2.7.2.4,enzyme
K18910,5.1.3.30;5.1.3.31,enzyme
K00253,1.3.8.4,enzyme
K01555,3.7.1.2,enzyme
K01935,6.3.3.3,enzyme
K01906,6.2.1.14,enzyme
K22311,2.3.1.265,enzyme
K22944,4.6.1.1,enzyme
K25650,,enzyme
K18011,5.4.3.3,enzyme
K03795,4.99.1.3,enzyme
K01612,4.1.1.61,enzyme
K28465,5.3.1.8,enzyme
K01232,3.2.1.122,enzyme
K17108,3.2.1.45,enzyme
K09949,3.6.1.54,enzyme
K03181,4.1.3.40,enzyme
K07518,3.1.1.22,enzyme
K15652,4.2.1.118,enzyme
K00060,1.1.1.103,enzyme
K01823,5.3.3.2,enzyme
K13747,4.1.1.96,enzyme
K01697,4.2.1.22,enzyme
K05579,7.1.1.2,enzyme
K23124,3.5.2.9,enzyme
K03186,2.5.1.129,enzyme
K00727,2.4.1.102,enzyme
K02291,2.5.1.32,enzyme
C15602,,metabolite
C00042,,metabolite
C15603,,metabolite
C00122,,metabolite
C00002,,metabolite
C00475,,metabolite
C00008,,metabolite
C00055,,metabolite
C00044,,metabolite
C00035,,metabolite
C00299,,metabolite
C00105,,metabolite
C16633,,metabolite
C16634,,metabolite
C00024,,metabolite
C00010,,metabolite
C00332,,metabolite
C00136,,metabolite
C05269,,metabolite
n G13163,,metabolite
G13184,,metabolite
n C17556,,metabolite
G13185,,metabolite
C00157,,metabolite
C00001,,metabolite
C00641,,metabolite
C00588,,metabolite
C00344,,metabolite
C00093,,metabolite
C00350,,metabolite
C00346,,metabolite
C01194,,metabolite
C01177,,metabolite
C04756,,metabolite
C03454,,metabolite
C00206,,metabolite
C00343,,metabolite
C00342,,metabolite
C01346,,metabolite
C00015,,metabolite
C00361,,metabolite
C00705,,metabolite
C00112,,metabolite
C00043,,metabolite
C17556,,metabolite
C01289,,metabolite
C02970,,metabolite
C20390,,metabolite
G10610,,metabolite
G13118,,metabolite
G13164,,metabolite
C00022,,metabolite
C00020,,metabolite
C00074,,metabolite
C00009,,metabolite
C11436,,metabolite
C11453,,metabolite
C00049,,metabolite
C00026,,metabolite
C00036,,metabolite
C00025,,metabolite
C00079,,metabolite
C00166,,metabolite
C00082,,metabolite
C01179,,metabolite
C00097,,metabolite
C00957,,metabolite
C00302,,metabolite
C00506,,metabolite
C05528,,metabolite
C00606,,metabolite
C05527,,metabolite
C05947,,metabolite
C05946,,metabolite
C04287,,metabolite
C16737,,metabolite
C01165,,metabolite
C00006,,metabolite
C03287,,metabolite
C00005,,metabolite
C00080,,metabolite
C05625,,metabolite
C05623,,metabolite
C02338,,metabolite
C09789,,metabolite
C09099,,metabolite
C00014,,metabolite
C03082,,metabolite
C00263,,metabolite
C00003,,metabolite
C00441,,metabolite
C00004,,metabolite
C00279,,metabolite
C04691,,metabolite
C02642,,metabolite
C00099,,metabolite
C00011,,metabolite
C21029,,metabolite
C01205,,metabolite
C00096,,metabolite
C01222,,metabolite
C20239,,metabolite
C20248,,metabolite
C00091,,metabolite
C00490,,metabolite
C00531,,metabolite
C01934,,metabolite
C03979,,metabolite
C00092,,metabolite
C00085,,metabolite
C00668,,metabolite
C01172,,metabolite
C05345,,metabolite
C00246,,metabolite
C02527,,metabolite
C00152,,metabolite
C01637,,metabolite
C00013,,metabolite
C03402,,metabolite
C00407,,metabolite
C01644,,metabolite
C03127,,metabolite
C00354,,metabolite
C01097,,metabolite
C03785,,metabolite
C00063,,metabolite
C00075,,metabolite
C00081,,metabolite
C00104,,metabolite
C05378,,metabolite
C00185,,metabolite
C00221,,metabolite
C00031,,metabolite
C00844,,metabolite
C00561,,metabolite
C01898,,metabolite
(n-2) C00001,,metabolite
(n-2) C00031,,metabolite
C08325,,metabolite
C00963,,metabolite
C01335,,metabolite
C05713,,metabolite
C05712,,metabolite
C05839,,metabolite
C05838,,metabolite
C05143,,metabolite
C03742,,metabolite
C08334,,metabolite
C18796,,metabolite
C01594,,metabolite
C02659,,metabolite
C10216,,metabolite
C10208,,metabolite
C09126,,metabolite
C06563,,metabolite
C00389,,metabolite
C00509,,metabolite
C00160,,metabolite
C00048,,metabolite
C00258,,metabolite
C00168,,metabolite
C00064,,metabolite
C01640,,metabolite
C02282,,metabolite
C05688,,metabolite
C00030,,metabolite
C01528,,metabolite
C00041,,metabolite
C00028,,metabolite
C02743,,metabolite
C21440,,metabolite
C00309,,metabolite
C00199,,metabolite
C00508,,metabolite
C01101,,metabolite
C00399,,metabolite
C00390,,metabolite
C01278,,metabolite
C01163,,metabolite
C03939,,metabolite
C00383,,metabolite
C01209,,metabolite
C00033,,metabolite
C00130,,metabolite
C03794,,metabolite
C00522,,metabolite
C00864,,metabolite
C00239,,metabolite
C00365,,metabolite
C00352,,metabolite
C00664,,metabolite
C00101,,metabolite
C00439,,metabolite
C03479,,metabolite
C00445,,metabolite
C01045,,metabolite
C04628,,metabolite
C03576,,metabolite
C00876,,metabolite
C00138,,metabolite
C04832,,metabolite
C01080,,metabolite
C00139,,metabolite
C00282,,metabolite
C00058,,metabolite
C00118,,metabolite
C00231,,metabolite
C05382,,metabolite
C00117,,metabolite
C12214,,metabolite
C12215,,metabolite
C15700,,metabolite
C15767,,metabolite
C17322,,metabolite
C00037,,metabolite
C17323,,metabolite
C00719,,metabolite
C00007,,metabolite
C01026,,metabolite
C00067,,metabolite
C00692,,metabolite
C00680,,metabolite
C04877,,metabolite
C02504,,metabolite
C00141,,metabolite
C00173,,metabolite
C02133,,metabolite
C00229,,metabolite
G10481(n,,metabolite
),,metabolite
G10481(n),,metabolite
G00289,,metabolite
C00760,,metabolite
C00123,,metabolite
C01645,,metabolite
C02047,,metabolite
C00089,,metabolite
C00095,,metabolite
C02336,,metabolite
C00267,,metabolite
C00492,,metabolite
C05402,,metabolite
C01613,,metabolite
C05404,,metabolite
C16688,,metabolite
G00370,,metabolite
C00144,,metabolite
C00362,,metabolite
C22441,,metabolite
C22442,,metabolite
C00019,,metabolite
C20648,,metabolite
C00021,,metabolite
C20796,,metabolite
C04454,,metabolite
C01268,,metabolite
C01304,,metabolite
C02492,,metabolite
(n-1) C00001,,metabolite
n C00159,,metabolite
C20905,,metabolite
C00109,,metabolite
C20904,,metabolite
C00448,,metabolite
C00129,,metabolite
C04146,,metabolite
C00310,,metabolite
C00745,,metabolite
C00125,,metabolite
C21154,,metabolite
C00126,,metabolite
C20361,,metabolite
C00088,,metabolite
C00244,,metabolite
C01137,,metabolite
C00124,,metabolite
C00984,,metabolite
C00078,,metabolite
C01652,,metabolite
C03512,,metabolite
C00252,,metabolite
C00721,,metabolite
G10545(n,,metabolite
G10545(n),,metabolite
C01300,,metabolite
C00568,,metabolite
C00921,,metabolite
C04807,,metabolite
C02999,,metabolite
C02713,,metabolite
C00016,,metabolite
C01352,,metabolite
C00877,,metabolite
C00154,,metabolite
C05272,,metabolite
C01944,,metabolite
C05276,,metabolite
C01832,,metabolite
C03221,,metabolite
C02593,,metabolite
C05273,,metabolite
C05270,,metabolite
C05271,,metabolite
C05274,,metabolite
C05275,,metabolite
C00369,,metabolite
C00718,,metabolite
C00103,,metabolite
C01635,,metabolite
C00886,,metabolite
C05744,,metabolite
C04494,,metabolite
C00395,,metabolite
C00060,,metabolite
C02954,,metabolite
C04501,,metabolite
C06156,,metabolite
C00062,,metabolite
C00179,,metabolite
C00288,,metabolite
C00083,,metabolite
C06250,,metabolite
C04419,,metabolite
C01100,,metabolite
C01267,,metabolite
C00073,,metabolite
C01647,,metabolite
C02430,,metabolite
C05335,,metabolite
C05336,,metabolite
C00039(n),,metabolite
C02128(m),,metabolite
C00455,,metabolite
C00039(n,,metabolite
m),,metabolite
C16243,,metabolite
C11542,,metabolite
C04261,,metabolite
C00615,,metabolite
C01094,,metabolite
C04734,,metabolite
C00234,,metabolite
C04677,,metabolite
C11478,,metabolite
C04728,,metabolite
C00027,,metabolite
C00988,,metabolite
C00189,,metabolite
C00084,,metabolite
C05993,,metabolite
C00163,,metabolite
C00100,,metabolite
C05983,,metabolite
C01977,,metabolite
C16675,,metabolite
C20446,,metabolite
C00242,,metabolite
C06125,,metabolite
C02686,,metabolite
C00059,,metabolite
C01212,,metabolite
C00217,,metabolite
C03296,,metabolite
C05892,,metabolite
C00993,,metabolite
C04702,,metabolite
C04882,,metabolite
C00148,,metabolite
C01649,,metabolite
C02702,,metabolite
C01228,,metabolite
C00208,,metabolite
C01419,,metabolite
C05729,,metabolite
C05726,,metabolite
C00636,,metabolite
C06112,,metabolite
C06113,,metabolite
C02869,,metabolite
C02745,,metabolite
C01271,,metabolite
C00685,,metabolite
C04618,,metabolite
C04619,,metabolite
C05753,,metabolite
C04620,,metabolite
C05750,,metabolite
C04633,,metabolite
C05762,,metabolite
C04688,,metabolite
C05759,,metabolite
C05747,,metabolite
C05746,,metabolite
C05757,,metabolite
C05756,,metabolite
C16219,,metabolite
C16220,,metabolite
C20372,,metabolite
C20373,,metabolite
C20376,,metabolite
C20377,,metabolite
C05223,,metabolite
C00842,,metabolite
C11907,,metabolite
C00623,,metabolite
C00111,,metabolite
C00322,,metabolite
C00527,,metabolite
C15973,,metabolite
C16254,,metabolite
C06157,,metabolite
C00631,,metabolite
C00197,,metabolite
C04154,,metabolite
C15812,,metabolite
C15813,,metabolite
C15814,,metabolite
C15811,,metabolite
C15858,,metabolite
C05432,,metabolite
C00787,,metabolite
C02839,,metabolite
C06503,,metabolite
C00175,,metabolite
C06504,,metabolite
C04823,,metabolite
C22395,,metabolite
C04865,,metabolite
C04053,,metabolite
C04255,,metabolite
C00416,,metabolite
C00681,,metabolite
C00040,,metabolite
C00429,,metabolite
C00106,,metabolite
C00906,,metabolite
C00178,,metabolite
C21028,,metabolite
C22058,,metabolite
C22059,,metabolite
C22060,,metabolite
C22347,,metabolite
C03090,,metabolite
C00119,,metabolite
C05980,,metabolite
C00116,,metabolite
C15809,,metabolite
C01468,,metabolite
C05198,,metabolite
C15547,,metabolite
C03657,,metabolite
C04593,,metabolite
C00311,,metabolite
C00973,,metabolite
C01935,,metabolite
C02463,,metabolite
C05772,,metabolite
C11538,,metabolite
C17401,,metabolite
C00286,,metabolite
C00131,,metabolite
C00460,,metabolite
C00458,,metabolite
C01083,,metabolite
C00364,,metabolite
C00363,,metabolite
C00068,,metabolite
C05125,,metabolite
C15972,,metabolite
C16255,,metabolite
C00700,,metabolite
C00655,,metabolite
C01345,,metabolite
C06196,,metabolite
C16617,,metabolite
C04646,,metabolite
C00065,,metabolite
C01650,,metabolite
C02553,,metabolite
C16636,,metabolite
C06481,,metabolite
C01236,,metabolite
C00469,,metabolite
n C00031,,metabolite
n C00208,,metabolite
C00147,,metabolite
C19647,,metabolite
C11437,,metabolite
C00158,,metabolite
C06319,,metabolite
C06408,,metabolite
C11543,,metabolite
C16244,,metabolite
C11545,,metabolite
C00275,,metabolite
C16396,,metabolite
C16399,,metabolite
C00169,,metabolite
C01563,,metabolite
C20969,,metabolite
C00140,,metabolite
C00645,,metabolite
C00565,,metabolite
C01104,,metabolite
C16618,,metabolite
C16619,,metabolite
C02693,,metabolite
C02938,,metabolite
C01659,,metabolite
C01998,,metabolite
C09814,,metabolite
C09815,,metabolite
C04178,,metabolite
C16246,,metabolite
C16074,,metabolite
C02505,,metabolite
C00236,,metabolite
C15810,,metabolite
C06022,,metabolite
C04652,,metabolite
C00250,,metabolite
C00018,,metabolite
C00314,,metabolite
C00627,,metabolite
C00534,,metabolite
C00647,,metabolite
C01648,,metabolite
C03511,,metabolite
C00670,,metabolite
C00114,,metabolite
C01233,,metabolite
C00134,,metabolite
C00555,,metabolite
C01672,,metabolite
C12455,,metabolite
C04778,,metabolite
C05775,,metabolite
C01845,,metabolite
C00207,,metabolite
C05778,,metabolite
C01077,,metabolite
C01118,,metabolite
C11434,,metabolite
C05745,,metabolite
C05749,,metabolite
C05752,,metabolite
C05755,,metabolite
C05761,,metabolite
C05764,,metabolite
C19673,,metabolite
C20375,,metabolite
C00312,,metabolite
C03291,,metabolite
C00618,,metabolite
C14899,,metabolite
C00463,,metabolite
C19153,,metabolite
C19152,,metabolite
C00061,,metabolite
C22277,,metabolite
C01847,,metabolite
C00251,,metabolite
C00254,,metabolite
C03451,,metabolite
C00051,,metabolite
C00546,,metabolite
C03217,,metabolite
C05381,,metabolite
C04916,,metabolite
C04666,,metabolite
C00860,,metabolite
C00630,,metabolite
C00143,,metabolite
C00233,,metabolite
C02939,,metabolite
C00579,,metabolite
C00248,,metabolite
C00671,,metabolite
C15980,,metabolite
C02972,,metabolite
C02051,,metabolite
C11811,,metabolite
C01638,,metabolite
C02984,,metabolite
C05607,,metabolite
C03964,,metabolite
C00489,,metabolite
C03196,,metabolite
C00514,,metabolite
C00204,,metabolite
C00470,,metabolite
C06118,,metabolite
G10506(n,,metabolite
G10113,,metabolite
G10506(n),,metabolite
C02191,,metabolite
C00305,,metabolite
C03516,,metabolite
C05379,,metabolite
C00689,,metabolite
G09795,,metabolite
C04421,,metabolite
C00666,,metabolite
C00440,,metabolite
C07086,,metabolite
C00582,,metabolite
C00624,,metabolite
C00437,,metabolite
C00077,,metabolite
C00882,,metabolite
C00257,,metabolite
C06473,,metabolite
C05840,,metabolite
C03722,,metabolite
C00409,,metabolite
C00283,,metabolite
C00155,,metabolite
C00320,,metabolite
C00094,,metabolite
C00979,,metabolite
C20751,,metabolite
C17023,,metabolite
C20752,,metabolite
C00325,,metabolite
C01639,,metabolite
C03125,,metabolite
C00827,,metabolite
C00186,,metabolite
C00259,,metabolite
C02479,,metabolite
C00795,,metabolite
C00989,,metabolite
C11062,,metabolite
C00226,,metabolite
C00071,,metabolite
C00473,,metabolite
C00376,,metabolite
C05576,,metabolite
C05577,,metabolite
C06611,,metabolite
C06613,,metabolite
C06612,,metabolite
C16348,,metabolite
C14089,,metabolite
C14090,,metabolite
C02909,,metabolite
C14099,,metabolite
C06899,,metabolite
C07490,,metabolite
C07645,,metabolite
C16551,,metabolite
C16586,,metabolite
C16587,,metabolite
C16595,,metabolite
C16596,,metabolite
C20120,,metabolite
C04506,,metabolite
C00012,,metabolite
C00327,,metabolite
C03406,,metabolite
C02995,,metabolite
C00212,,metabolite
C00294,,metabolite
C00387,,metabolite
C01367,,metabolite
C00214,,metabolite
C00881,,metabolite
C01368,,metabolite
C00330,,metabolite
C00360,,metabolite
C00559,,metabolite
C00526,,metabolite
C06193,,metabolite
C03150,,metabolite
C05822,,metabolite
C01762,,metabolite
C01185,,metabolite
C05841,,metabolite
C05512,,metabolite
C03175,,metabolite
C01269,,metabolite
C00826,,metabolite
C20589,,metabolite
C04442,,metabolite
C04631,,metabolite
C00498,,metabolite
C00638,,metabolite
C20683,,metabolite
C05973,,metabolite
C20163,,metabolite
C05698,,metabolite
C04489,,metabolite
C04144,,metabolite
C20253,,metabolite
C00222,,metabolite
C00029,,metabolite
C00167,,metabolite
C03294,,metabolite
C03871,,metabolite
C00072,,metabolite
C16186,,metabolite
C04352,,metabolite
C01134,,metabolite
C03492,,metabolite
C00052,,metabolite
C02097,,metabolite
C03508,,metabolite
C00436,,metabolite
C06892,,metabolite
C00415,,metabolite
C00504,,metabolite
C00272,,metabolite
C02953,,metabolite
C00334,,metabolite
C00232,,metabolite
C01005,,metabolite
C03232,,metabolite
C06055,,metabolite
C06054,,metabolite
C01144,,metabolite
C05668,,metabolite
C00894,,metabolite
C05998,,metabolite
C03069,,metabolite
C05262,,metabolite
C04405,,metabolite
C03345,,metabolite
C03460,,metabolite
C06000,,metabolite
C05258,,metabolite
C05260,,metabolite
C05264,,metabolite
C05266,,metabolite
C05268,,metabolite
C05116,,metabolite
C11946,,metabolite
C11947,,metabolite
C11945,,metabolite
C14144,,metabolite
C14145,,metabolite
C16468,,metabolite
C16469,,metabolite
C00188,,metabolite
C05519,,metabolite
C00235,,metabolite
C00047,,metabolite
C01646,,metabolite
C01931,,metabolite
C04253,,metabolite
C04570,,metabolite
C02411,,metabolite
C00697,,metabolite
C01548,,metabolite
C06547,,metabolite
C00900,,metabolite
C06010,,metabolite
C06006,,metabolite
C05847,,metabolite
C19847,,metabolite
C05796,,metabolite
C00243,,metabolite
C01290,,metabolite
C01190,,metabolite
C05403,,metabolite
C05394,,metabolite
G10504,,metabolite
C00962,,metabolite
C03838,,metabolite
C04376,,metabolite
C17550,,metabolite
C17549,,metabolite
C20638,,metabolite
C00108,,metabolite
C01081,,metabolite
C00378,,metabolite
C04039,,metabolite
C04272,,metabolite
C06007,,metabolite
C00149,,metabolite
C00580,,metabolite
C00828,,metabolite
C11143,,metabolite
C05819,,metabolite
C20565,,metabolite
C22092,,metabolite
C01050,,metabolite
C06567,,metabolite
C01242,,metabolite
C00132,,metabolite
C00632,,metabolite
C05640,,metabolite
C00704,,metabolite
C03680,,metabolite
C05684,,metabolite
C05697,,metabolite
C05444,,metabolite
C05445,,metabolite
C03586,,metabolite
C01651,,metabolite
C02992,,metabolite
C03733,,metabolite
C00935,,metabolite
C18094,,metabolite
C00620,,metabolite
C00905,,metabolite
C21906,,metabolite
C23014,,metabolite
C01674,,metabolite
C06135,,metabolite
C01132,,metabolite
C04737,,metabolite
C03272,,metabolite
C04884,,metabolite
C04730,,metabolite
G00094,,metabolite
G00093,,metabolite
G00123,,metabolite
G00092,,metabolite
G00109,,metabolite
G00108,,metabolite
G13074,,metabolite
G01391,,metabolite
G13073,,metabolite
C04132,,metabolite
G13056,,metabolite
G10665,,metabolite
C22467,,metabolite
C03405,,metabolite
C00195,,metabolite
C03108,,metabolite
C00319,,metabolite
C00679,,metabolite
C01146,,metabolite
C03921,,metabolite
C00885,,metabolite
C16519,,metabolite
C00583,,metabolite
C00479,,metabolite
C00459,,metabolite
C01024,,metabolite
C01051,,metabolite
C00673,,metabolite
C02232,,metabolite
C00898,,metabolite
C03912,,metabolite
C04281,,metabolite
C05938,,metabolite
C22502,,metabolite
C00181,,metabolite
C02205,,metabolite
C22501,,metabolite
C01636,,metabolite
C02163,,metabolite
C04613,,metabolite
C06040,,metabolite
C06041,,metabolite
C06365,,metabolite
C20897,,metabolite
n C00344,,metabolite
G13189,,metabolite
n C00641,,metabolite
G13190,,metabolite
G13182,,metabolite
G13183,,metabolite
C00086,,metabolite
C02291,,metabolite
C00491,,metabolite
C01962,,metabolite
C05703,,metabolite
C05699,,metabolite
C05689,,metabolite
C14818,,metabolite
C14819,,metabolite
C00575,,metabolite
C00942,,metabolite
C02882,,metabolite
C00145,,metabolite
C00127,,metabolite
C01063,,metabolite
C01092,,metabolite
C19845,,metabolite
C00032,,metabolite
C21603,,metabolite
C00017,,metabolite
C02429,,metabolite
C21388,,metabolite
C21387,,metabolite
C16739,,metabolite
C21386,,metabolite
C00628,,metabolite
C02167,,metabolite
C22886,,metabolite
C06032,,metabolite
C04411,,metabolite
C04236,,metabolite
C06024,,metabolite
C19877,,metabolite
C02483,,metabolite
C02477,,metabolite
C14151,,metabolite
C14152,,metabolite
C14155,,metabolite
C14153,,metabolite
C14156,,metabolite
C14154,,metabolite
C00164,,metabolite
C16156,,metabolite
C16157,,metabolite
C00227,,metabolite
C02876,,metabolite
C02843,,metabolite
C00249,,metabolite
C00857,,metabolite
C03263,,metabolite
C01079,,metabolite
C00956,,metabolite
C03033,,metabolite
C00191,,metabolite
C00069,,metabolite
C05787,,metabolite
C05791,,metabolite
G13040,,metabolite
G09660,,metabolite
C04900,,metabolite
C12632,,metabolite
C11376,,metabolite
C11173,,metabolite
G00526,,metabolite
G00711,,metabolite
C00253,,metabolite
C00345,,metabolite
C03506,,metabolite
G10008,,metabolite
C00497,,metabolite
C00552,,metabolite
C03459,,metabolite
C15532,,metabolite
C00245,,metabolite
C00593,,metabolite
C04332,,metabolite
C00255,,metabolite
C04732,,metabolite
C04895,,metabolite
C04874,,metabolite
C00438,,metabolite
C20870,,metabolite
C20955,,metabolite
C00856,,metabolite
C02967,,metabolite
C21027,,metabolite
C02985,,metabolite
C01019,,metabolite
C00184,,metabolite
C03283,,metabolite
C00986,,metabolite
C03012,,metabolite
C06204,,metabolite
C15521,,metabolite
C11145,,metabolite
C00502,,metabolite
C03826,,metabolite
C01213,,metabolite
C02514,,metabolite
C00110,,metabolite
C03862,,metabolite
C01628,,metabolite
C05850,,metabolite
C02059,,metabolite
C03313,,metabolite
C00430,,metabolite
C00931,,metabolite
C00944,,metabolite
C02637,,metabolite
C02714,,metabolite
C16391,,metabolite
C16392,,metabolite
C16393,,metabolite
C16241,,metabolite
C16238,,metabolite
C16240,,metabolite
C16237,,metabolite
C06423,,metabolite
C22158,,metabolite
C22160,,metabolite
C22157,,metabolite
C02147,,metabolite
C22161,,metabolite
C00315,,metabolite
C05730,,metabolite
C04851,,metabolite
C05897,,metabolite
C01103,,metabolite
C00295,,metabolite
C04751,,metabolite
C19858,,metabolite
C19859,,metabolite
C03344,,metabolite
C05265,,metabolite
C05261,,metabolite
C05259,,metabolite
C05337,,metabolite
C04644,,metabolite
C05263,,metabolite
C05267,,metabolite
C07118,,metabolite
C00512,,metabolite
C06715,,metabolite
C16331,,metabolite
C16330,,metabolite
C16335,,metabolite
C16334,,metabolite
C16339,,metabolite
C16338,,metabolite
C16466,,metabolite
C16470,,metabolite
C16471,,metabolite
C23013,,metabolite
C23016,,metabolite
C23017,,metabolite
C23006,,metabolite
C23007,,metabolite
C23021,,metabolite
C23022,,metabolite
C00853,,metabolite
C00536,,metabolite
C00194,,metabolite
C06505,,metabolite
C06506,,metabolite
C05774,,metabolite
C06508,,metabolite
C03024,,metabolite
C03161,,metabolite
C03972,,metabolite
C20258,,metabolite
C00357,,metabolite
C00224,,metabolite
C05686,,metabolite
C05196,,metabolite
C05197,,metabolite
C05199,,metabolite
C05312,,metabolite
C00183,,metabolite
C01653,,metabolite
C02554,,metabolite
C00417,,metabolite
C04225,,metabolite
C04181,,metabolite
C14463,,metabolite
C11435,,metabolite
C03431,,metabolite
C00170,,metabolite
C19787,,metabolite
C00507,,metabolite
C00861,,metabolite
C20781,,metabolite
C00819,,metabolite
C06441,,metabolite
C01131,,metabolite
C00683,,metabolite
C03273,,metabolite
C00198,,metabolite
C00533,,metabolite
C00887,,metabolite
C06400,,metabolite
C01455,,metabolite
C01542,,metabolite
C02923,,metabolite
C01407,,metabolite
C00146,,metabolite
C00090,,metabolite
C00542,,metabolite
C05702,,metabolite
C00307,,metabolite
G13199,,metabolite
G13200,,metabolite
C02353,,metabolite
C02355,,metabolite
C02354,,metabolite
C06194,,metabolite
C02352,,metabolite
G13125,,metabolite
G13121,,metabolite
G10619,,metabolite
G13122,,metabolite
C19929,,metabolite
C00493,,metabolite
C22438,,metabolite
C01302,,metabolite
C00422,,metabolite
C00162,,metabolite
C01885,,metabolite
C00794,,metabolite
C00379,,metabolite
C21310,,metabolite
C15977,,metabolite
C15975,,metabolite
C15979,,metabolite
C15976,,metabolite
C15974,,metabolite
C15978,,metabolite
C21017,,metabolite
C21018,,metabolite
C04188,,metabolite
C00262,,metabolite
C05691,,metabolite
C00054,,metabolite
C00053,,metabolite
C00385,,metabolite
C02380,,metabolite
C16614,,metabolite
C16615,,metabolite
C07648,,metabolite
C04932,,metabolite
C04919,,metabolite
C03589,,metabolite
C00133,,metabolite
C15667,,metabolite
C00337,,metabolite
C00412,,metabolite
C00510,,metabolite
C02474,,metabolite
C00269,,metabolite
C02737,,metabolite
C04297,,metabolite
C01219,,metabolite
C02612,,metabolite
C02226,,metabolite
C02631,,metabolite
C04640,,metabolite
C01170,,metabolite
C19884,,metabolite
C06025,,metabolite
C19883,,metabolite
C06026,,metabolite
C19890,,metabolite
C21982,,metabolite
C22002,,metabolite
C04302,,metabolite
C04738,,metabolite
C00256,,metabolite
C19769,,metabolite
C19770,,metabolite
C16698,,metabolite
C04246,,metabolite
C05754,,metabolite
C05751,,metabolite
C05763,,metabolite
C05760,,metabolite
C05748,,metabolite
C05758,,metabolite
C16221,,metabolite
C20374,,metabolite
C20378,,metabolite
C00693,,metabolite
C00447,,metabolite
C00577,,metabolite
C00603,,metabolite
C21858,,metabolite
C01642,,metabolite
C02412,,metabolite
C00196,,metabolite
C05821,,metabolite
C19823,,metabolite
C04294,,metabolite
C04327,,metabolite
C01390,,metabolite
C21214,,metabolite
C04824,,metabolite
C16631,,metabolite
C16632,,metabolite
C04121,,metabolite
G11161,,metabolite
G11160,,metabolite
C19875,,metabolite
G13060,,metabolite
G13061,,metabolite
C04432,,metabolite
C20753,,metabolite
C20755,,metabolite
C03231,,metabolite
C04425,,metabolite
C01037,,metabolite
C04348,,metabolite
C02614,,metabolite
C01011,,metabolite
C00135,,metabolite
C01643,,metabolite
C02988,,metabolite
C09332,,metabolite
C03541(n),,metabolite
C03541(n,,metabolite
C02964,,metabolite
C20861,,metabolite
C20236,,metabolite
C04133,,metabolite
C00237,,metabolite
G13038,,metabolite
G13039,,metabolite
C02211,,metabolite
C19085,,metabolite
C19078,,metabolite
C19080,,metabolite
C19846,,metabolite
C01978,,metabolite
C17211,,metabolite
C00151,,metabolite
C17213,,metabolite
C00161,,metabolite
C17216,,metabolite
C17217,,metabolite
C02356,,metabolite
C01879,,metabolite
C17210,,metabolite
C17212,,metabolite
C17214,,metabolite
C17215,,metabolite
C17218,,metabolite
C17219,,metabolite
C17222,,metabolite
C17223,,metabolite
C17226,,metabolite
C17227,,metabolite
C17230,,metabolite
C17231,,metabolite
C00338,,metabolite
C03859,,metabolite
C00672,,metabolite
C00201,,metabolite
C00454,,metabolite
C01250,,metabolite
C06033,,metabolite
C04115,,metabolite
C00333,,metabolite
C00558,,metabolite
C04573,,metabolite
C01217,,metabolite
C04377,,metabolite
C03618,,metabolite
G13119,,metabolite
G13120,,metabolite
C00190,,metabolite
C07838,,metabolite
C06397,,metabolite
C07836,,metabolite
C11472,,metabolite
C21113,,metabolite
C03561,,metabolite
C05280,,metabolite
C05279,,metabolite
C06714,,metabolite
C05807,,metabolite
C17551,,metabolite
C17552,,metabolite
C21860,,metabolite
C00366,,metabolite
n C00080,,metabolite
G13163,,metabolite
G10609,,metabolite
G13191,,metabolite
C20641,,metabolite
C01451,,metabolite
C06188,,metabolite
C06186,,metabolite
C06187,,metabolite
C04076,,metabolite
C01010,,metabolite
C01112,,metabolite
C04642,,metabolite
C04186,,metabolite
C06206,,metabolite
C00180,,metabolite
C01641,,metabolite
C02987,,metabolite
C00296,,metabolite
C00113,,metabolite
C01359,,metabolite
C07649,,metabolite
C06507,,metabolite
C04122,,metabolite
C06509,,metabolite
C03194,,metabolite
C00461,,metabolite
C00187,,metabolite
C00599,,metabolite
C01997,,metabolite
C00153,,metabolite
C02415,,metabolite
C20658,,metabolite
C20743,,metabolite
C02188,,metabolite
C01087,,metabolite
C06143,,metabolite
C11552,,metabolite
C04546,,metabolite
C04534,,metabolite
C00530,,metabolite
C02323,,metabolite
C00483,,metabolite
C03765,,metabolite
C01888,,metabolite
C05332,,metabolite
C00601,,metabolite
C05665,,metabolite
C02723,,metabolite
C06178,,metabolite
C03758,,metabolite
C04043,,metabolite
C00218,,metabolite
C00791,,metabolite
C00300,,metabolite
C16236,,metabolite
C22154,,metabolite
C22150,,metabolite
C16832,,metabolite
C22155,,metabolite
C22151,,metabolite
C22159,,metabolite
C00121,,metabolite
C01801,,metabolite
C01286,,metabolite
C05396,,metabolite
C19879,,metabolite
C19880,,metabolite
C03373,,metabolite
C04556,,metabolite
C00714,,metabolite
n C00001,,metabolite
n C00132,,metabolite
C00831,,metabolite
C04079,,metabolite
C20769,,metabolite
C20768,,metabolite
C05979,,metabolite
C20386,,metabolite
C00120,,metabolite
C06215,,metabolite
C05898,,metabolite
C11827,,metabolite
C04574,,metabolite
G10555,,metabolite
G10557(n),,metabolite
G10557(n,,metabolite
C00653,,metabolite
C04260,,metabolite
G13186,,metabolite
G13167,,metabolite
G13180,,metabolite
G13170,,metabolite
G13171,,metabolite
G13174,,metabolite
G13175,,metabolite
G13176,,metabolite
G13177,,metabolite
G13178,,metabolite
G13179,,metabolite
G13192,,metabolite
G13193,,metabolite
C04088,,metabolite
C05848,,metabolite
C05809,,metabolite
C05810,,metabolite
C03167,,metabolite
C05682,,metabolite
C03688,,metabolite
C00450,,metabolite
C00408,,metabolite
n C00789,,metabolite
C21503,,metabolite
n C00055,,metabolite
C21504,,metabolite
C21502,,metabolite
C21508,,metabolite
G13168,,metabolite
G13169,,metabolite
G13172,,metabolite
G13173,,metabolite
C17324,,metabolite
C04462,,metabolite
C00165,,metabolite
C21461,,metabolite
C21462,,metabolite
C21463,,metabolite
C21994,,metabolite
C21995,,metabolite
C04473,,metabolite
C02730,,metabolite
C05817,,metabolite
C03028,,metabolite
C02265,,metabolite
C00405,,metabolite
C11838,,metabolite
C20959,,metabolite
C22073,,metabolite
C03401,,metabolite
C22074,,metabolite
C03740,,metabolite
C03193,,metabolite
C05844,,metabolite
C02166,,metabolite
C00045,,metabolite
C05951,,metabolite
C03363,,metabolite
C02320,,metabolite
C02512,,metabolite
C05711,,metabolite
C05670,,metabolite
C06114,,metabolite
C05695,,metabolite
C00392,,metabolite
C00644,,metabolite
C00488,,metabolite
C00576,,metabolite
C01151,,metabolite
C00270,,metabolite
C06128,,metabolite
G11121,,metabolite
G00317,,metabolite
C19856,,metabolite
C19855,,metabolite
C05986,,metabolite
C05985,,metabolite
C06753,,metabolite
C06754,,metabolite
C00785,,metabolite
C06407,,metabolite
C06416,,metabolite
C11540,,metabolite
C16242,,metabolite
C19878,,metabolite
C00240,,metabolite
C04153,,metabolite
C01380,,metabolite
C00266,,metabolite
C00424,,metabolite
C00669,,metabolite
C21015,,metabolite
C02218,,metabolite
C05893,,metabolite
G10552,,metabolite
G10553,,metabolite
G10556,,metabolite
C04390,,metabolite
C00230,,metabolite
C20884,,metabolite
C20665,,metabolite
C20883,,metabolite
C05766,,metabolite
C05768,,metabolite
C00924,,metabolite
C00923,,metabolite
C00372,,metabolite
G10502(n),,metabolite
G10502(n,,metabolite
C00137,,metabolite
C03546,,metabolite
C04006,,metabolite
C06406,,metabolite
C11539,,metabolite
C22611,,metabolite
C02139,,metabolite
C18152,,metabolite
C18154,,metabolite
C18153,,metabolite
C05401,,metabolite
C01235,,metabolite
C05400,,metabolite
C00159,,metabolite
C05399,,metabolite
C06126,,metabolite
C06037,,metabolite
C03692,,metabolite
G01275,,metabolite
G00497,,metabolite
C03319,,metabolite
C00688,,metabolite
C21177,,metabolite
C21178,,metabolite
G10611,,metabolite
G13197,,metabolite
G13198,,metabolite
C01720,,metabolite
C03827,,metabolite
G13043,,metabolite
G00872,,metabolite
C01074,,metabolite
G12336,,metabolite
C16265,,metabolite
G10505,,metabolite
C16565,,metabolite
C01086,,metabolite
C00264,,metabolite
C01102,,metabolite
C04881,,metabolite
G11112,,metabolite
G00177,,metabolite
C01157,,metabolite
C00209,,metabolite
C02137,,metabolite
C00261,,metabolite
C03590,,metabolite
C00633,,metabolite
C16239,,metabolite
C19722,,metabolite
C19723,,metabolite
C00446,,metabolite
C20231,,metabolite
C18091,,metabolite
C21971,,metabolite
C21769,,metabolite
C21767,,metabolite
C19609,,metabolite
C02583,,metabolite
C20858,,metabolite
C04478,,metabolite
C00663,,metabolite
C00999,,metabolite
C00996,,metabolite
C21072,,metabolite
C21284,,metabolite
C05931,,metabolite
C03393,,metabolite
C01697,,metabolite
C06311,,metabolite
C00966,,metabolite
C00880,,metabolite
C01216,,metabolite
C00499,,metabolite
C03539,,metabolite
C04152,,metabolite
C00698,,metabolite
C19687,,metabolite
C15930,,metabolite
C03160,,metabolite
C05172,,metabolite
C06482,,metabolite
C18237,,metabolite
C19871,,metabolite
C00662,,metabolite
C00667,,metabolite
C01113,,metabolite
C18239,,metabolite
C15996,,metabolite
C00329,,metabolite
C18047,,metabolite
C18046,,metabolite
C01330,,metabolite
C20082,,metabolite
C20083,,metabolite
C19947,,metabolite
C19960,,metabolite
G13188,,metabolite
C20666,,metabolite
C20667,,metabolite
C01500,,metabolite
C01499,,metabolite
C09871,,metabolite
C09847,,metabolite
C01353,,metabolite
C03741,,metabolite
C05811,,metabolite
C05812,,metabolite
C01929,,metabolite
C17010,,metabolite
C17017,,metabolite
C04330,,metabolite
C06364,,metabolite
G10608,,metabolite
G13187,,metabolite
C00380,,metabolite
C05696,,metabolite
C01412,,metabolite
C20424,,metabolite
C20418,,metabolite
C16463,,metabolite
C05922,,metabolite
C06148,,metabolite
C05923,,metabolite
C15556,,metabolite
C00433,,metabolite
C20835,,metabolite
C20836,,metabolite
C00751,,metabolite
C06310,,metabolite
C06309,,metabolite
C22558,,metabolite
C14131,,metabolite
C12470,,metabolite
C12483,,metabolite
C00177,,metabolite
C01755,,metabolite
C22131,,metabolite
C00301,,metabolite
C15673,,metabolite
C02780,,metabolite
C06376,,metabolite
C20627,,metabolite
C20642,,metabolite
C04051,,metabolite
C06056,,metabolite
C00691,,metabolite
C19891,,metabolite
C20251,,metabolite
C01743,,metabolite
C17583,,metabolite
C00954,,metabolite
C03078,,metabolite
C01035,,metabolite
C03620,,metabolite
C00511,,metabolite
C04282,,metabolite
C02225,,metabolite
C03684,,metabolite
C11038,,metabolite
C11039,,metabolite
C01344,,metabolite
C21748,,metabolite
C21749,,metabolite
C21750,,metabolite
C21751,,metabolite
C22443,,metabolite
C01909,,metabolite
C05359,,metabolite
C21065,,metabolite
C21008,,metabolite
C00192,,metabolite
C19848,,metabolite
C06232,,metabolite
C04536,,metabolite
C11829,,metabolite
C11830,,metabolite
C11831,,metabolite
C01182,,metabolite
C01187,,metabolite
C21333,,metabolite
C21334,,metabolite
C21152,,metabolite
C05852,,metabolite
C00544,,metabolite
C03025,,metabolite
C00205,,metabolite
C03162,,metabolite
C00587,,metabolite
C16281,,metabolite
C16283,,metabolite
C16285,,metabolite
C02739,,metabolite
C02741,,metabolite
C04896,,metabolite
C20352,,metabolite
C12147,,metabolite
C11537,,metabolite
C18910,,metabolite
C22529,,metabolite
n C00083,,metabolite
n C00005,,metabolite
n C00004,,metabolite
n C00010,,metabolite
n C00011,,metabolite
n C00006,,metabolite
n C00003,,metabolite
C20876,,metabolite
C00937,,metabolite
C05539,,metabolite
C05894,,metabolite
C03114,,metabolite
C01204,,metabolite
C04579,,metabolite
C20062,,metabolite
C03892,,metabolite
C02170,,metabolite
C03089,,metabolite
C06442,,metabolite
C06231,,metabolite
C19882,,metabolite
C06893,,metabolite
C05575,,metabolite
C20995,,metabolite
C01721,,metabolite
C01099,,metabolite
C22337,,metabolite
C20756,,metabolite
C20758,,metabolite
C02084,,metabolite
C20451,,metabolite
C01180,,metabolite
C00331,,metabolite
C13508,,metabolite
C22077,,metabolite
C01107,,metabolite
C22453,,metabolite
C04242,,metabolite
C00868,,metabolite
C18902,,metabolite
C12739,,metabolite
C16637,,metabolite
C11736,,metabolite
C01444,,metabolite
C00802,,metabolite
C05235,,metabolite
C20675,,metabolite
C20676,,metabolite
C01802,,metabolite
C01724,,metabolite
C05109,,metabolite
C01189,,metabolite
C05439,,metabolite
C08821,,metabolite
C01753,,metabolite
C15781,,metabolite
C01789,,metabolite
C05437,,metabolite
C03845,,metabolite
C05108,,metabolite
C15915,,metabolite
C05107,,metabolite
C01164,,metabolite
C21106,,metabolite
C00213,,metabolite
C21992,,metabolite
C22000,,metabolite
C21997,,metabolite
C21998,,metabolite
C22026,,metabolite
C20357,,metabolite
C20420,,metabolite
C20421,,metabolite
C11355,,metabolite
C02565,,metabolite
C01043,,metabolite
C00353,,metabolite
C05427,,metabolite
C17439,,metabolite
C17440,,metabolite
C11242,,metabolite
C21217,,metabolite
C21435,,metabolite
C11243,,metabolite
C00203,,metabolite
C20427,,metabolite
C00406,,metabolite
C07303,,metabolite
C00755,,metabolite
C05122,,metabolite
C00695,,metabolite
C05466,,metabolite
C02528,,metabolite
C05465,,metabolite
C05464,,metabolite
C04483,,metabolite
C05463,,metabolite
C01921,,metabolite
C00817,,metabolite
C04434,,metabolite
C16999,,metabolite
C04582,,metabolite
C21649,,metabolite
C21585,,metabolite
C21593,,metabolite
C01586,,metabolite
C01096,,metabolite
C02888,,metabolite
C01040,,metabolite
C00800,,metabolite
C01880,,metabolite
C06103,,metabolite
C00474,,metabolite
C02247,,metabolite
C20359,,metabolite
C19725,,metabolite
C06251,,metabolite
C22068,,metabolite
C21999,,metabolite
C05556,,metabolite
C20440,,metabolite
C21016,,metabolite
C06688,,metabolite
C21808,,metabolite
C19839,,metabolite
C16146,,metabolite
C19798,,metabolite
C21770,,metabolite
C05984,,metabolite
C05823,,metabolite
C01732,,metabolite
C04298,,metabolite
C04334,,metabolite
C02376,,metabolite
C00356,,metabolite
C04675,,metabolite
C00404,,metabolite
C15672,,metabolite
C06510,,metabolite
C04488,,metabolite
C18802,,metabolite
C18799,,metabolite
C20497,,metabolite
C20415,,metabolite
C20498,,metabolite
(n,,metabolite
) C01935,,metabolite
C15613,,metabolite
C17343,,metabolite
C17345,,metabolite
C17346,,metabolite
C23011,,metabolite
C20840,,metabolite
C13952,,metabolite
C04346,,metabolite
C00156,,metabolite
C06758,,metabolite
C01454,,metabolite
C07214,,metabolite
C07215,,metabolite
C07209,,metabolite
C07211,,metabolite
C03067,,metabolite
C22382,,metabolite
C00739,,metabolite
C05161,,metabolite
C01142,,metabolite
C01186,,metabolite
C11908,,metabolite
C21456,,metabolite
C21455,,metabolite
C21458,,metabolite
C21457,,metabolite
C01127,,metabolite
C00590,,metabolite
C15805,,metabolite
C02325,,metabolite
C15806,,metabolite
C02646,,metabolite
C15804,,metabolite
C12205,,metabolite
C15807,,metabolite
C07054,,metabolite
C21754,,metabolite
C05360,,metabolite
C20889,,metabolite
C18233,,metabolite
C18234,,metabolite
C05653,,metabolite
C02700,,metabolite
C00328,,metabolite
C05648,,metabolite
C05651,,metabolite
C04046,,metabolite
C21437,,metabolite
C00349,,metabolite
C06002,,metabolite
C11638,,metabolite
C20246,,metabolite
C03920,,metabolite
C01438,,metabolite
C21873,,metabolite
C01904,,metabolite
C14180,,metabolite
C01031,,metabolite
C02315,,metabolite
C00472,,metabolite
C22834,,metabolite
C00503,,metabolite
C21294,,metabolite
C20237,,metabolite
C03557,,metabolite
C05435,,metabolite
C15908,,metabolite
C02094,,metabolite
C15943,,metabolite
C16340,,metabolite
C21618,,metabolite
C21612,,metabolite
C21617,,metabolite
C03064,,metabolite
C06729,,metabolite
C06731,,metabolite
C06321,,metabolite
C06720,,metabolite
C02359,,metabolite
C16482,,metabolite
C16481,,metabolite
C02364,,metabolite
C16478,,metabolite
C16479,,metabolite
C02371,,metabolite
C16480,,metabolite
C19975,,metabolite
C19945,,metabolite
C19838,,metabolite
C02962,,metabolite
C18096,,metabolite
C20416,,metabolite
C00340,,metabolite
C00435,,metabolite
C05629,,metabolite
C11588,,metabolite
C00423,,metabolite
C12622,,metabolite
C09822,,metabolite
C04404,,metabolite
C20560,,metabolite
C01168,,metabolite
C16272,,metabolite
C16273,,metabolite
C06377,,metabolite
n C03561,,metabolite
C22857,,metabolite
C04752,,metabolite
C20247,,metabolite
C00617,,metabolite
C06399,,metabolite
C05773,,metabolite
C21007,,metabolite
C14279,,metabolite
C01546,,metabolite
C11101,,metabolite
C20448,,metabolite
C20450,,metabolite
C00810,,metabolite
C00741,,metabolite
C03044,,metabolite
C20657,,metabolite
C01769,,metabolite
C16520,,metabolite
C20933,,metabolite
C21158,,metabolite
C01117,,metabolite
C01417,,metabolite
C02273,,metabolite
C01013,,metabolite
C04180,,metabolite
C17207(n),,metabolite
(n-2) C00009,,metabolite
(n-2) C00636,,metabolite
C20887,,metabolite
C18235,,metabolite
C06718,,metabolite
C06717,,metabolite
C16638,,metabolite
C02798,,metabolite
C06451,,metabolite
C22216,,metabolite
C00519,,metabolite
C00513,,metabolite
n C00513,,metabolite
C21464,,metabolite
C22411,,metabolite
G13165,,metabolite
G13166,,metabolite
C05932,,metabolite
C00798,,metabolite
C00313,,metabolite
C04590,,metabolite
C00763,,metabolite
C03428,,metabolite
C01279,,metabolite
C20267,,metabolite
C02880,,metabolite
C11832,,metabolite
C02350,,metabolite
C11402,,metabolite
C11404,,metabolite
C11403,,metabolite
C11406,,metabolite
C11414,,metabolite
C11417,,metabolite
C11418,,metabolite
C11420,,metabolite
C00676,,metabolite
C02269,,metabolite
C16155,,metabolite
C16153,,metabolite
C16154,,metabolite
C05414,,metabolite
C05430,,metabolite
C05431,,metabolite
C05421,,metabolite
C02630,,metabolite
C03058,,metabolite
C06378,,metabolite
C18054,,metabolite
C00748,,metabolite
C00501,,metabolite
C04230,,metabolite
C04233,,metabolite
C00219,,metabolite
C04438,,metabolite
C05974,,metabolite
C01595,,metabolite
C04635,,metabolite
C05212,,metabolite
C04317,,metabolite
C06427,,metabolite
C05925,,metabolite
C02814,,metabolite
C02222,,metabolite
C03676,,metabolite
C00805,,metabolite
C03440,,metabolite
C11985,,metabolite
C11986,,metabolite
C11987,,metabolite
C11988,,metabolite
C15651,,metabolite
C15606,,metabolite
C02091,,metabolite
C15699,,metabolite
C00500,,metabolite
C01918,,metabolite
C21240,,metabolite
C04044,,metabolite
C04479,,metabolite
C12623,,metabolite
C12624,,metabolite
G13194,,metabolite
G13195,,metabolite
C15987,,metabolite
C06891,,metabolite
C15586,,metabolite
C15587,,metabolite
C20463,,metabolite
C20746,,metabolite
C20747,,metabolite
C22029,,metabolite
C17542,,metabolite
C05895,,metabolite
n C00283,,metabolite
n C15602,,metabolite
C19692,,metabolite
n C15603,,metabolite
C03063,,metabolite
C05600,,metabolite
C04052,,metabolite
C20750,,metabolite
C20748,,metabolite
C20895,,metabolite
C20646,,metabolite
C06398,,metabolite
C00637,,metabolite
C00804,,metabolite
C02670,,metabolite
C00818,,metabolite
C01149,,metabolite
C01181,,metabolite
C05130,,metabolite
C02835,,metabolite
C04554,,metabolite
C05634,,metabolite
C05635,,metabolite
C05936,,metabolite
C02946,,metabolite
C06614,,metabolite
C06615,,metabolite
C06755,,metabolite
C02576,,metabolite
C11924,,metabolite
C03461,,metabolite
C16502,,metabolite
C19961,,metabolite
C22078,,metabolite
C20830,,metabolite
C22507,,metabolite
C20249,,metabolite
C00545,,metabolite
C00684,,metabolite
C19771,,metabolite
C20957,,metabolite
C20958,,metabolite
C01355(n,,metabolite
C01355(n),,metabolite
C19972,,metabolite
C16635,,metabolite
C04539,,metabolite
C01825,,metabolite
C01115,,metabolite
C18028,,metabolite
C22072,,metabolite
C00916,,metabolite
C03112,,metabolite
n C00043,,metabolite
n C00015,,metabolite
C21849,,metabolite
G10558,,metabolite
G13127,,metabolite
n G10610,,metabolite
n G10619,,metabolite
C00940,,metabolite
C02362,,metabolite
C05921,,metabolite
C06249,,metabolite
C04157,,metabolite
C21153,,metabolite
C03547,,metabolite
C01371,,metabolite
C11249,,metabolite
C00854,,metabolite
C00216,,metabolite
C07277,,metabolite
C03172,,metabolite
C00431,,metabolite
C03284,,metabolite
C20783,,metabolite
C06620,,metabolite
C11930,,metabolite
C04349,,metabolite
C03519,,metabolite
C20864,,metabolite
C20863,,metabolite
C15911,,metabolite
C15914,,metabolite
C15859,,metabolite
C15861,,metabolite
C19885,,metabolite
C19886,,metabolite
C12323,,metabolite
C17355,,metabolite
C20910,,metabolite
C21076,,metabolite
C00418,,metabolite
C06762,,metabolite
C20885,,metabolite
C20952,,metabolite
C22004,,metabolite
C22069,,metabolite
C22273,,metabolite
C00990,,metabolite
C16147,,metabolite
C16148,,metabolite
C00792,,metabolite
C00740,,metabolite
C00515,,metabolite
C00793,,metabolite
C01001,,metabolite
C00862,,metabolite
C00976,,metabolite
C01046,,metabolite
C05770,,metabolite
C18049,,metabolite
C21991,,metabolite
C11521,,metabolite
C11142,,metabolite
C20353,,metabolite
C20351,,metabolite
C20614,,metabolite
C21251,,metabolite
C01823,,metabolite
C21252,,metabolite
C02262,,metabolite
C20395,,metabolite
C18631,,metabolite
C18632,,metabolite
C21250,,metabolite
C07335,,metabolite
C02189,,metabolite
C02863,,metabolite
G10617,,metabolite
G10622,,metabolite
G13027,,metabolite
C19803,,metabolite
C20722,,metabolite
C00341,,metabolite
C18061,,metabolite
C04137,,metabolite
C22034,,metabolite
C22035,,metabolite
C22036,,metabolite
C22037,,metabolite
C19909,,metabolite
C19910,,metabolite
C03372,,metabolite
C00339,,metabolite
C03715,,metabolite
C03129,,metabolite
C20422,,metabolite
C20423,,metabolite
C03415,,metabolite
C05601,,metabolite
C06201,,metabolite
C06320,,metabolite
C19772,,metabolite
C00398,,metabolite
C00547,,metabolite
C00780,,metabolite
C00788,,metabolite
C05127,,metabolite
C05827,,metabolite
C05587,,metabolite
C05581,,metabolite
C05589,,metabolite
C05583,,metabolite
C05588,,metabolite
C05636,,metabolite
C05637,,metabolite
C05638,,metabolite
C05639,,metabolite
C07572,,metabolite
C16612,,metabolite
C00543,,metabolite
C16608,,metabolite
C16609,,metabolite
C21299,,metabolite
C21300,,metabolite
C21835,,metabolite
C15498,,metabolite
C16699,,metabolite
C05824,,metabolite
C06023,,metabolite
C02989,,metabolite
C03889,,metabolite
C21193,,metabolite
C21194,,metabolite
C21984,,metabolite
C21983,,metabolite
C21993,,metabolite
C19154,,metabolite
C06672,,metabolite
C08276,,metabolite
C04549,,metabolite
C20774,,metabolite
C04431,,metabolite
C07090,,metabolite
C07091,,metabolite
C04706,,metabolite
C06329,,metabolite
C12834,,metabolite
C12835,,metabolite
C12838,,metabolite
C16477,,metabolite
C16487,,metabolite
C16476,,metabolite
C18242,,metabolite
C18243,,metabolite
C18309,,metabolite
C18310,,metabolite
C18304,,metabolite
C18305,,metabolite
C05924,,metabolite
C01424,,metabolite
C03671,,metabolite
C20772,,metabolite
C20773,,metabolite
C00879,,metabolite
C08353,,metabolite
C16639,,metabolite
C01327,,metabolite
C16327,,metabolite
C16328,,metabolite
C16332,,metabolite
C16336,,metabolite
C16168,,metabolite
C16374,,metabolite
C16172,,metabolite
C16387,,metabolite
C01260,,metabolite
C16630,,metabolite
C22873,,metabolite
C22874,,metabolite
C21955,,metabolite
C05357,,metabolite
C05358,,metabolite
C13309,,metabolite
C21084,,metabolite
C06240,,metabolite
C00280,,metabolite
C20144,,metabolite
C20396,,metabolite
C18026,,metabolite
C20238,,metabolite
C14602,,metabolite
C14604,,metabolite
C18351,,metabolite
C21446,,metabolite
C21445,,metabolite
C21448,,metabolite
C21447,,metabolite
C21506,,metabolite
C21507,,metabolite
C00934,,metabolite
C11477,,metabolite
C00642,,metabolite
C01161,,metabolite
C05593,,metabolite
C04312,,metabolite
C21652,,metabolite
C21604,,metabolite
C22556,,metabolite
C05361,,metabolite
C15666,,metabolite
C07756,,metabolite
C20831,,metabolite
C01322,,metabolite
C00462,,metabolite
C14786,,metabolite
C14791,,metabolite
C14787,,metabolite
C14793,,metabolite
C14792,,metabolite
C14802,,metabolite
C14803,,metabolite
C14804,,metabolite
C14800,,metabolite
C14805,,metabolite
C14806,,metabolite
C14839,,metabolite
C14847,,metabolite
C14840,,metabolite
C14848,,metabolite
C14851,,metabolite
C14855,,metabolite
C14852,,metabolite
C14856,,metabolite
C14858,,metabolite
C14861,,metabolite
C14857,,metabolite
C14865,,metabolite
C14859,,metabolite
C14864,,metabolite
C14863,,metabolite
C06790,,metabolite
C14868,,metabolite
C11088,,metabolite
C14874,,metabolite
C13645,,metabolite
C14870,,metabolite
C14871,,metabolite
C11583,,metabolite
C19586,,metabolite
C11278,,metabolite
C21758,,metabolite
C03383,,metabolite
C00355,,metabolite
C17758,,metabolite
C04257,,metabolite
C23009,,metabolite
C23020,,metabolite
C00980,,metabolite
C01166,,metabolite
C00476,,metabolite
C21851,,metabolite
C22875,,metabolite
C18076,,metabolite
C01598,,metabolite
C05643,,metabolite
C05102,,metabolite
C06604,,metabolite
C06606,,metabolite
C00087,,metabolite
C22946,,metabolite
C22947,,metabolite
C22948,,metabolite
C06468,,metabolite
C00764,,metabolite
C01061,,metabolite
C22458,,metabolite
C02656,,metabolite
C21607,,metabolite
C21608,,metabolite
C21606,,metabolite
C21609,,metabolite
G11291,,metabolite
G13107,,metabolite
G13102,,metabolite
G13108,,metabolite
G13196,,metabolite
C01089,,metabolite
C18172,,metabolite
C18174,,metabolite
C03375,,metabolite
C00811,,metabolite
C05627,,metabolite
C01197,,metabolite
C06224,,metabolite
C21215,,metabolite
C20345,,metabolite
G00023,,metabolite
G00031,,metabolite
G00024,,metabolite
G00025,,metabolite
C03427,,metabolite
C05413,,metabolite
